"Date","Price","Open","High","Low","Vol.","Change %"
"Nov 12, 2010","1,269.13","1,342.88","1,348","1,268.88","-","-5.26%"
"Nov 15, 2010","1,288.25","1,266.75","1,307.13","1,252.5","-","1.51%"
"Nov 16, 2010","1,220.63","1,285.25","1,289.63","1,216.38","-","-5.25%"
"Nov 17, 2010","1,204.75","1,221.5","1,232.25","1,175.38","-","-1.30%"
"Nov 18, 2010","1,242.63","1,209.88","1,245.25","1,194.13","-","3.14%"
"Nov 19, 2010","1,201.13","1,244.63","1,255.88","1,200.88","-","-3.34%"
"Nov 22, 2010","1,221.13","1,196.63","1,222.88","1,190.63","-","1.67%"
"Nov 23, 2010","1,238.13","1,225.38","1,246","1,201.63","-","1.39%"
"Nov 24, 2010","1,254.38","1,241.38","1,258.13","1,237.13","-","1.31%"
"Nov 26, 2010","1,239.38","1,256.63","1,262.13","1,235.88","-","-1.20%"
"Nov 29, 2010","1,235.88","1,239.88","1,248.25","1,226.63","-","-0.28%"
"Nov 30, 2010","1,245.88","1,238.75","1,247.13","1,227.88","-","0.81%"
"Dec 01, 2010","1,281.88","1,243.38","1,283.88","1,240.38","-","2.89%"
"Dec 02, 2010","1,278.63","1,281.88","1,286.75","1,273.88","-","-0.25%"
"Dec 03, 2010","1,300.88","1,282.75","1,301.38","1,280.25","-","1.74%"
"Dec 06, 2010","1,286.25","1,303.63","1,306.63","1,280.38","-","-1.12%"
"Dec 07, 2010","1,286.25","1,288.75","1,303.13","1,282.38","-","0.00%"
"Dec 08, 2010","1,293.63","1,282.88","1,296.63","1,266.63","-","0.57%"
"Dec 09, 2010","1,280.63","1,295.75","1,298.88","1,278.63","-","-1.00%"
"Dec 10, 2010","1,272.63","1,283.38","1,288.38","1,268.63","-","-0.62%"
"Dec 12, 2010","1,272.38","1,272.38","1,272.38","1,272.38","-","-0.02%"
"Dec 13, 2010","1,300.38","1,269.25","1,304.63","1,259.63","-","2.20%"
"Dec 14, 2010","1,294.5","1,299.5","1,311.13","1,292.63","-","-0.45%"
"Dec 15, 2010","1,306.63","1,294.13","1,314.38","1,291.13","-","0.94%"
"Dec 16, 2010","1,301.13","1,305.5","1,314.75","1,296.13","-","-0.42%"
"Dec 17, 2010","1,309.13","1,300.75","1,311.38","1,295.25","-","0.61%"
"Dec 20, 2010","1,327.38","1,324.5","1,329.5","1,307.63","-","1.39%"
"Dec 21, 2010","1,337.13","1,326.75","1,339.25","1,323.13","-","0.73%"
"Dec 22, 2010","1,339.13","1,336.38","1,343.63","1,328.75","-","0.15%"
"Dec 23, 2010","1,360.63","1,340.63","1,365.63","1,338.88","-","1.61%"
"Dec 24, 2010","1,361.5","1,361.5","1,361.5","1,361.5","-","0.06%"
"Dec 27, 2010","1,384.5","1,353.63","1,389.38","1,350.25","-","1.69%"
"Dec 28, 2010","1,385.88","1,385.13","1,396.63","1,383.38","-","0.10%"
"Dec 29, 2010","1,376.88","1,386.13","1,388.88","1,374.88","-","-0.65%"
"Dec 30, 2010","1,379.88","1,375.38","1,384.63","1,370.13","-","0.22%"
"Dec 31, 2010","1,403.88","1,377.38","1,403.88","1,376.38","-","1.74%"
"Jan 03, 2011","1,380.38","1,395.75","1,408.63","1,380.38","-","-1.67%"
"Jan 04, 2011","1,371.63","1,378.63","1,390.38","1,357.75","-","-0.63%"
"Jan 05, 2011","1,391.38","1,372.63","1,394.88","1,362.13","-","1.44%"
"Jan 06, 2011","1,376.38","1,392.38","1,398.63","1,376.38","-","-1.08%"
"Jan 07, 2011","1,363.88","1,376.88","1,382.25","1,360.38","-","-0.91%"
"Jan 10, 2011","1,381.38","1,368.63","1,394.38","1,366.25","-","1.28%"
"Jan 11, 2011","1,358.38","1,382.13","1,388.13","1,355.88","-","-1.67%"
"Jan 12, 2011","1,417.13","1,359.63","1,426.88","1,359.13","-","4.33%"
"Jan 13, 2011","1,421.13","1,418.75","1,432.38","1,413","-","0.28%"
"Jan 14, 2011","1,423.88","1,418.75","1,423.88","1,405.38","-","0.19%"
"Jan 17, 2011","1,423","1,423","1,423","1,423","-","-0.06%"
"Jan 18, 2011","1,415.13","1,412.5","1,429.88","1,408.5","-","-0.55%"
"Jan 19, 2011","1,415.13","1,417.38","1,431.63","1,402.38","-","0.00%"
"Jan 20, 2011","1,413.13","1,413.75","1,420.88","1,384","-","-0.14%"
"Jan 21, 2011","1,411.13","1,415.88","1,426.63","1,405.38","-","-0.14%"
"Jan 23, 2011","1,412.63","1,412.63","1,412.63","1,412.63","-","0.11%"
"Jan 24, 2011","1,403.13","1,411.5","1,426.38","1,396.88","-","-0.67%"
"Jan 25, 2011","1,372.88","1,404","1,407.88","1,370.38","-","-2.16%"
"Jan 26, 2011","1,385.88","1,375.63","1,390.88","1,364.38","-","0.95%"
"Jan 27, 2011","1,399.88","1,389.63","1,399.88","1,378.13","-","1.01%"
"Jan 28, 2011","1,399.88","1,401.75","1,423.13","1,392.75","-","0.00%"
"Jan 31, 2011","1,410.88","1,395.75","1,413.13","1,394.88","-","0.79%"
"Feb 01, 2011","1,440.25","1,413.5","1,440.25","1,408.38","-","2.08%"
"Feb 02, 2011","1,444.88","1,439.63","1,451.63","1,433.63","-","0.32%"
"Feb 03, 2011","1,434.13","1,445.13","1,452.38","1,434.13","-","-0.74%"
"Feb 04, 2011","1,433.88","1,437.63","1,442.63","1,422.38","-","-0.02%"
"Feb 07, 2011","1,423.63","1,437.38","1,443.63","1,421.38","-","-0.71%"
"Feb 08, 2011","1,435.38","1,425.88","1,435.38","1,414.25","-","0.83%"
"Feb 09, 2011","1,451.25","1,438.5","1,455.75","1,435.13","-","1.11%"
"Feb 10, 2011","1,430.38","1,451.5","1,454.88","1,430.38","-","-1.44%"
"Feb 11, 2011","1,414.88","1,432.38","1,442.13","1,410.38","-","-1.08%"
"Feb 14, 2011","1,404.88","1,419.13","1,424.63","1,400.25","-","-0.71%"
"Feb 15, 2011","1,368.63","1,403.63","1,409.13","1,366.13","-","-2.58%"
"Feb 16, 2011","1,365.13","1,369.25","1,375.88","1,357.13","-","-0.26%"
"Feb 17, 2011","1,416.75","1,378.75","1,418.75","1,378.75","-","3.78%"
"Feb 18, 2011","1,376","1,417.88","1,421.5","1,373.38","-","-2.88%"
"Feb 22, 2011","1,310.88","1,390.75","1,397.5","1,310.5","-","-4.73%"
"Feb 23, 2011","1,333.13","1,309.88","1,333.13","1,296.25","-","1.70%"
"Feb 24, 2011","1,328.63","1,332.63","1,336.5","1,310.5","-","-0.34%"
"Feb 25, 2011","1,372.38","1,328.88","1,391.38","1,322.5","-","3.29%"
"Feb 28, 2011","1,365.88","1,378.25","1,380.13","1,358","-","-0.47%"
"Mar 01, 2011","1,373.38","1,368.25","1,376.13","1,354","-","0.55%"
"Mar 02, 2011","1,393.13","1,374.13","1,398.88","1,372.13","-","1.44%"
"Mar 03, 2011","1,409","1,390.5","1,414.25","1,384.63","-","1.14%"
"Mar 04, 2011","1,414.63","1,410.38","1,423.63","1,396.38","-","0.40%"
"Mar 07, 2011","1,394.38","1,412.25","1,418.88","1,384.63","-","-1.43%"
"Mar 08, 2011","1,381.38","1,395.5","1,395.5","1,374.13","-","-0.93%"
"Mar 09, 2011","1,349.13","1,381.88","1,383.38","1,347.63","-","-2.33%"
"Mar 10, 2011","1,353.38","1,350.63","1,368.63","1,322.13","-","0.32%"
"Mar 11, 2011","1,335.38","1,353.38","1,359.25","1,305.13","-","-1.33%"
"Mar 13, 2011","1,329.25","1,335.88","1,340.13","1,326.63","-","-0.46%"
"Mar 14, 2011","1,340.75","1,329.38","1,346","1,317.88","-","0.87%"
"Mar 15, 2011","1,280.13","1,340.88","1,343.38","1,269","-","-4.52%"
"Mar 16, 2011","1,293.63","1,282.13","1,307.88","1,277.25","-","1.05%"
"Mar 17, 2011","1,338.5","1,293.38","1,346.63","1,290.38","-","3.47%"
"Mar 18, 2011","1,362.5","1,338.38","1,384.5","1,322.88","-","1.79%"
"Mar 20, 2011","1,371.25","1,370","1,376.63","1,365.25","-","0.64%"
"Mar 21, 2011","1,359.75","1,371.38","1,373.5","1,351.63","-","-0.84%"
"Mar 22, 2011","1,363.63","1,359.13","1,368.75","1,344.63","-","0.28%"
"Mar 23, 2011","1,348.88","1,363.5","1,372.13","1,348.88","-","-1.08%"
"Mar 24, 2011","1,359.25","1,350.25","1,361.38","1,338.38","-","0.77%"
"Mar 25, 2011","1,358.5","1,358.75","1,367.5","1,353.38","-","-0.06%"
"Mar 27, 2011","1,359.38","1,359.88","1,361.5","1,357.25","-","0.06%"
"Mar 28, 2011","1,343.38","1,359.25","1,368.88","1,341.25","-","-1.18%"
"Mar 29, 2011","1,363.63","1,343","1,368.88","1,342.38","-","1.51%"
"Mar 30, 2011","1,374","1,363.88","1,374","1,356.38","-","0.76%"
"Mar 31, 2011","1,416.63","1,374.13","1,431.75","1,368.63","-","3.10%"
"Apr 01, 2011","1,393.88","1,416.5","1,416.5","1,386.88","-","-1.61%"
"Apr 03, 2011","1,399.5","1,393.75","1,402.63","1,391.75","-","0.40%"
"Apr 04, 2011","1,385.38","1,399.38","1,402.5","1,379.63","-","-1.01%"
"Apr 05, 2011","1,375.38","1,385.5","1,389.63","1,366.63","-","-0.72%"
"Apr 06, 2011","1,377.25","1,375.63","1,388.13","1,372.38","-","0.14%"
"Apr 07, 2011","1,365.13","1,377.13","1,383.25","1,360.63","-","-0.88%"
"Apr 08, 2011","1,391.63","1,365.38","1,393.88","1,364.88","-","1.94%"
"Apr 10, 2011","1,405.25","1,395.88","1,406.38","1,395.88","-","0.98%"
"Apr 11, 2011","1,362.75","1,405.5","1,406.13","1,360.13","-","-3.02%"
"Apr 12, 2011","1,330.38","1,362.88","1,370.25","1,318.38","-","-2.38%"
"Apr 13, 2011","1,332.88","1,330.63","1,348.63","1,329.63","-","0.19%"
"Apr 14, 2011","1,334.25","1,333.13","1,337.63","1,316.88","-","0.10%"
"Apr 15, 2011","1,331.88","1,334","1,338.38","1,322.63","-","-0.18%"
"Apr 17, 2011","1,338","1,343.13","1,345","1,338","-","0.46%"
"Apr 18, 2011","1,357.13","1,338.88","1,361.5","1,332.13","-","1.43%"
"Apr 19, 2011","1,354.25","1,357.5","1,360.38","1,348.13","-","-0.21%"
"Apr 20, 2011","1,372.38","1,354.75","1,384.5","1,354.63","-","1.34%"
"Apr 21, 2011","1,389.63","1,372.25","1,391.88","1,363.13","-","1.26%"
"Apr 22, 2011","1,390.13","1,390.13","1,390.13","1,390.13","-","0.04%"
"Apr 24, 2011","1,396.75","1,390.25","1,397.38","1,389.25","-","0.48%"
"Apr 25, 2011","1,396.13","1,396.63","1,398.5","1,380.88","-","-0.04%"
"Apr 26, 2011","1,389.13","1,396.75","1,396.75","1,378.13","-","-0.50%"
"Apr 27, 2011","1,390.63","1,389.63","1,396.63","1,368.5","-","0.11%"
"Apr 28, 2011","1,348.75","1,389.75","1,400.38","1,338.63","-","-3.01%"
"Apr 29, 2011","1,394.88","1,348.75","1,394.88","1,348.75","-","3.42%"
"May 01, 2011","1,388","1,391","1,393.63","1,383.88","-","-0.49%"
"May 02, 2011","1,392.25","1,388.13","1,402.13","1,381.63","-","0.31%"
"May 03, 2011","1,363.13","1,392","1,393.38","1,355.75","-","-2.09%"
"May 04, 2011","1,348.88","1,363.38","1,367.38","1,347.5","-","-1.05%"
"May 05, 2011","1,323.63","1,349.13","1,361.25","1,310.13","-","-1.87%"
"May 06, 2011","1,327.75","1,323.75","1,340.63","1,306.75","-","0.31%"
"May 08, 2011","1,331.25","1,326.88","1,331.25","1,323.75","-","0.26%"
"May 09, 2011","1,333.13","1,330.13","1,341.75","1,328.25","-","0.14%"
"May 10, 2011","1,340.75","1,333.38","1,352.88","1,333.13","-","0.57%"
"May 11, 2011","1,333.38","1,342","1,343.38","1,313.63","-","-0.55%"
"May 12, 2011","1,344.38","1,332.13","1,357.75","1,313.88","-","0.82%"
"May 13, 2011","1,331.13","1,344.25","1,352.88","1,321.75","-","-0.99%"
"May 15, 2011","1,335","1,329.5","1,337.25","1,329.38","-","0.29%"
"May 16, 2011","1,323.25","1,335.13","1,343.88","1,321.13","-","-0.88%"
"May 17, 2011","1,342.63","1,323.13","1,344.75","1,312.38","-","1.46%"
"May 18, 2011","1,375.88","1,343.13","1,387.5","1,342.38","-","2.48%"
"May 19, 2011","1,377.75","1,376","1,388.88","1,369.38","-","0.14%"
"May 20, 2011","1,378.88","1,378.63","1,395.88","1,365.25","-","0.08%"
"May 22, 2011","1,389.63","1,386","1,389.63","1,382.5","-","0.78%"
"May 23, 2011","1,373.38","1,389.63","1,392.88","1,366.13","-","-1.17%"
"May 24, 2011","1,376.88","1,373.5","1,386.75","1,366.25","-","0.25%"
"May 25, 2011","1,379.5","1,377","1,386.88","1,372.63","-","0.19%"
"May 26, 2011","1,390.63","1,380.25","1,398.13","1,380.13","-","0.81%"
"May 27, 2011","1,378.63","1,390.75","1,394.13","1,376.38","-","-0.86%"
"May 30, 2011","1,379.13","1,370.63","1,379.13","1,366.63","-","0.04%"
"May 31, 2011","1,382.38","1,378.63","1,391.13","1,373.75","-","0.24%"
"Jun 01, 2011","1,385.13","1,384.13","1,389.88","1,370.13","-","0.20%"
"Jun 02, 2011","1,406","1,385.25","1,411.38","1,385.13","-","1.51%"
"Jun 03, 2011","1,413.88","1,405.75","1,419.38","1,404.63","-","0.56%"
"Jun 05, 2011","1,413.63","1,415.5","1,416.5","1,412.63","-","-0.02%"
"Jun 06, 2011","1,384.13","1,413.5","1,418.13","1,380.88","-","-2.09%"
"Jun 07, 2011","1,396.38","1,384.38","1,398.5","1,382.38","-","0.89%"
"Jun 08, 2011","1,403","1,397.88","1,417","1,385.13","-","0.47%"
"Jun 09, 2011","1,396.38","1,403.63","1,412.63","1,386.25","-","-0.47%"
"Jun 10, 2011","1,383.13","1,397.13","1,397.38","1,377.63","-","-0.95%"
"Jun 12, 2011","1,385.38","1,385.5","1,387.88","1,384.38","-","0.16%"
"Jun 13, 2011","1,382","1,385.25","1,390.38","1,378.63","-","-0.24%"
"Jun 14, 2011","1,368.75","1,381.88","1,386.88","1,353.75","-","-0.96%"
"Jun 15, 2011","1,370.75","1,368.88","1,375.25","1,354.63","-","0.15%"
"Jun 16, 2011","1,351.25","1,370.88","1,371.13","1,348.5","-","-1.42%"
"Jun 17, 2011","1,331.75","1,351.13","1,357.13","1,330.63","-","-1.44%"
"Jun 19, 2011","1,334.25","1,334.88","1,337.88","1,332","-","0.19%"
"Jun 20, 2011","1,339.63","1,333.5","1,345.88","1,331.88","-","0.40%"
"Jun 21, 2011","1,350.75","1,339.5","1,354.5","1,338.88","-","0.83%"
"Jun 22, 2011","1,329.38","1,351.25","1,351.75","1,320.63","-","-1.58%"
"Jun 23, 2011","1,318.88","1,329.13","1,333.25","1,293.38","-","-0.79%"
"Jun 24, 2011","1,318.38","1,319.38","1,328.75","1,311.75","-","-0.04%"
"Jun 26, 2011","1,312","1,313.63","1,313.88","1,309.75","-","-0.48%"
"Jun 27, 2011","1,325.75","1,311","1,329.13","1,303.63","-","1.05%"
"Jun 28, 2011","1,331.38","1,325.63","1,337.38","1,321.5","-","0.42%"
"Jun 29, 2011","1,326.88","1,332.88","1,343.38","1,320.5","-","-0.34%"
"Jun 30, 2011","1,303.75","1,326.63","1,335.25","1,287.63","-","-1.74%"
"Jul 01, 2011","1,315.13","1,303.63","1,321.13","1,299.75","-","0.87%"
"Jul 04, 2011","1,318.63","1,314.75","1,322.88","1,314.75","-","0.27%"
"Jul 05, 2011","1,321.5","1,319.38","1,329.25","1,312","-","0.22%"
"Jul 06, 2011","1,322.88","1,321.38","1,326.88","1,310.5","-","0.10%"
"Jul 07, 2011","1,341.88","1,322.13","1,343.75","1,321.63","-","1.44%"
"Jul 08, 2011","1,346","1,342.38","1,350.25","1,335.88","-","0.31%"
"Jul 10, 2011","1,352.38","1,350.75","1,356.63","1,350.75","-","0.47%"
"Jul 11, 2011","1,347.25","1,351.38","1,352.25","1,338.13","-","-0.38%"
"Jul 12, 2011","1,354.25","1,346.38","1,362.75","1,334.88","-","0.52%"
"Jul 13, 2011","1,376.5","1,354","1,382.25","1,353.75","-","1.64%"
"Jul 14, 2011","1,379.88","1,376.63","1,386.88","1,373.75","-","0.25%"
"Jul 15, 2011","1,386.63","1,380","1,396.75","1,376.75","-","0.49%"
"Jul 17, 2011","1,379.5","1,385.88","1,388.88","1,379.5","-","-0.51%"
"Jul 18, 2011","1,387","1,380.38","1,391.63","1,369.88","-","0.54%"
"Jul 19, 2011","1,386.5","1,387.13","1,407.88","1,375.5","-","-0.04%"
"Jul 20, 2011","1,373.38","1,384.75","1,390.75","1,371.13","-","-0.95%"
"Jul 21, 2011","1,380.13","1,373.13","1,386.5","1,369.75","-","0.49%"
"Jul 22, 2011","1,377.88","1,379.75","1,388.25","1,374.75","-","-0.16%"
"Jul 24, 2011","1,372.5","1,372.13","1,372.88","1,365.25","-","-0.39%"
"Jul 25, 2011","1,364.63","1,371.63","1,373.13","1,351.5","-","-0.57%"
"Jul 26, 2011","1,382.38","1,364.88","1,382.38","1,363","-","1.30%"
"Jul 27, 2011","1,368.88","1,381.75","1,386.38","1,366","-","-0.98%"
"Jul 28, 2011","1,361.38","1,367.88","1,376.38","1,359.25","-","-0.55%"
"Jul 29, 2011","1,346.25","1,361.5","1,368.75","1,343.63","-","-1.11%"
"Jul 31, 2011","1,352.75","1,350.13","1,352.75","1,346.75","-","0.48%"
"Aug 01, 2011","1,358.63","1,352.75","1,365","1,350.75","-","0.43%"
"Aug 02, 2011","1,368.5","1,358","1,375","1,342.5","-","0.73%"
"Aug 03, 2011","1,360.63","1,368.63","1,371.5","1,354.88","-","-0.58%"
"Aug 04, 2011","1,331.75","1,361.63","1,362","1,325.88","-","-2.12%"
"Aug 05, 2011","1,325.63","1,331.63","1,336.5","1,313.63","-","-0.46%"
"Aug 07, 2011","1,318.88","1,312.5","1,321.75","1,308.63","-","-0.51%"
"Aug 08, 2011","1,298.13","1,318","1,321.88","1,297.38","-","-1.57%"
"Aug 09, 2011","1,306.38","1,298.38","1,314.88","1,276.75","-","0.64%"
"Aug 10, 2011","1,294.5","1,306.25","1,311.5","1,288.5","-","-0.91%"
"Aug 11, 2011","1,333.38","1,293.75","1,344.5","1,293.13","-","3.00%"
"Aug 12, 2011","1,326.75","1,332.75","1,336.88","1,320","-","-0.50%"
"Aug 14, 2011","1,334.75","1,333","1,336.88","1,331.75","-","0.60%"
"Aug 15, 2011","1,342.5","1,336.38","1,344.75","1,335.5","-","0.58%"
"Aug 16, 2011","1,342.63","1,341.88","1,344.88","1,333.5","-","0.01%"
"Aug 17, 2011","1,358.5","1,341.25","1,360.88","1,337.75","-","1.18%"
"Aug 18, 2011","1,350.25","1,357","1,357.38","1,336.25","-","-0.61%"
"Aug 19, 2011","1,358.25","1,349.13","1,365.5","1,340.13","-","0.59%"
"Aug 21, 2011","1,365.75","1,366.75","1,370.5","1,365","-","0.55%"
"Aug 22, 2011","1,380.13","1,366","1,380.5","1,362.13","-","1.05%"
"Aug 23, 2011","1,389.25","1,380.25","1,391.75","1,377.25","-","0.66%"
"Aug 24, 2011","1,383.13","1,388.38","1,396","1,381.75","-","-0.44%"
"Aug 25, 2011","1,384.25","1,383.38","1,391.13","1,378","-","0.08%"
"Aug 26, 2011","1,416.13","1,386.13","1,416.38","1,379.25","-","2.30%"
"Aug 28, 2011","1,422.5","1,411.75","1,422.5","1,411.5","-","0.45%"
"Aug 29, 2011","1,445.13","1,420.75","1,452.38","1,416","-","1.59%"
"Aug 30, 2011","1,449.88","1,445","1,458.38","1,438","-","0.33%"
"Aug 31, 2011","1,455.13","1,449.63","1,464.88","1,449.63","-","0.36%"
"Sep 01, 2011","1,438.63","1,454.38","1,456.75","1,432.13","-","-1.13%"
"Sep 02, 2011","1,446.38","1,438.75","1,451.88","1,435.25","-","0.54%"
"Sep 05, 2011","1,428.63","1,444.88","1,444.88","1,427.88","-","-1.23%"
"Sep 06, 2011","1,423.75","1,429.13","1,434.13","1,408.38","-","-0.34%"
"Sep 07, 2011","1,420.38","1,423.63","1,434.13","1,412.63","-","-0.24%"
"Sep 08, 2011","1,416.63","1,419.88","1,425.38","1,411.38","-","-0.26%"
"Sep 09, 2011","1,425.63","1,416.5","1,428.88","1,413","-","0.64%"
"Sep 11, 2011","1,428.88","1,431.75","1,432.25","1,428.88","-","0.23%"
"Sep 12, 2011","1,400.75","1,429.88","1,431.88","1,388.63","-","-1.97%"
"Sep 13, 2011","1,392.5","1,400.63","1,401.63","1,382.13","-","-0.59%"
"Sep 14, 2011","1,385.5","1,392.38","1,396.63","1,377.38","-","-0.50%"
"Sep 15, 2011","1,359.88","1,385.38","1,386.88","1,357.63","-","-1.85%"
"Sep 16, 2011","1,357.38","1,360.38","1,368.63","1,350.38","-","-0.18%"
"Sep 18, 2011","1,354.5","1,357.38","1,357.38","1,352.25","-","-0.21%"
"Sep 19, 2011","1,343.38","1,354.13","1,355.5","1,326.38","-","-0.82%"
"Sep 20, 2011","1,335.75","1,343","1,350.13","1,331.75","-","-0.57%"
"Sep 21, 2011","1,315.88","1,336.13","1,345.13","1,313.13","-","-1.49%"
"Sep 22, 2011","1,284.38","1,315.75","1,316.88","1,281.13","-","-2.39%"
"Sep 23, 2011","1,258.13","1,282.63","1,288.25","1,250.13","-","-2.04%"
"Sep 25, 2011","1,261.38","1,265.38","1,267","1,261.38","-","0.26%"
"Sep 26, 2011","1,261.75","1,261.88","1,265.88","1,226.13","-","0.03%"
"Sep 27, 2011","1,255.63","1,262.25","1,277.63","1,255.38","-","-0.49%"
"Sep 28, 2011","1,214.13","1,255.75","1,259.63","1,213.88","-","-3.31%"
"Sep 29, 2011","1,231.38","1,214.75","1,237.88","1,209.38","-","1.42%"
"Sep 30, 2011","1,175.13","1,230.88","1,238.5","1,175.13","-","-4.57%"
"Oct 02, 2011","1,175.38","1,176.38","1,181.25","1,174.38","-","0.02%"
"Oct 03, 2011","1,170.88","1,175.5","1,189.63","1,162.13","-","-0.38%"
"Oct 04, 2011","1,166.5","1,170.63","1,178.63","1,152.25","-","-0.37%"
"Oct 05, 2011","1,164.63","1,167.25","1,173.88","1,161.13","-","-0.16%"
"Oct 06, 2011","1,159.25","1,163.63","1,182.63","1,158.38","-","-0.46%"
"Oct 07, 2011","1,160.88","1,159.38","1,169.88","1,152.38","-","0.14%"
"Oct 09, 2011","1,165.88","1,159.5","1,166.13","1,158.63","-","0.43%"
"Oct 10, 2011","1,183.38","1,165.88","1,192.63","1,163.88","-","1.50%"
"Oct 11, 2011","1,233","1,181.75","1,245.13","1,174.63","-","4.19%"
"Oct 12, 2011","1,237.63","1,232.88","1,246.13","1,212.75","-","0.38%"
"Oct 13, 2011","1,259.38","1,237.75","1,259.38","1,230.88","-","1.76%"
"Oct 14, 2011","1,269.38","1,259.13","1,275.63","1,249.25","-","0.79%"
"Oct 16, 2011","1,263.88","1,269.13","1,271.13","1,263.88","-","-0.43%"
"Oct 17, 2011","1,246.63","1,264.13","1,271.75","1,246.63","-","-1.36%"
"Oct 18, 2011","1,250.75","1,247.25","1,252.88","1,226.63","-","0.33%"
"Oct 19, 2011","1,215.63","1,250.63","1,258.88","1,213.88","-","-2.81%"
"Oct 20, 2011","1,223.75","1,215.88","1,227.75","1,201.63","-","0.67%"
"Oct 21, 2011","1,212.38","1,223.63","1,245.25","1,212.38","-","-0.93%"
"Oct 23, 2011","1,221.88","1,220.13","1,221.88","1,217.88","-","0.78%"
"Oct 24, 2011","1,239.13","1,221.63","1,248.13","1,219.63","-","1.41%"
"Oct 25, 2011","1,230.75","1,238.5","1,244.63","1,225.63","-","-0.68%"
"Oct 26, 2011","1,224.63","1,231.25","1,241.75","1,218.63","-","-0.50%"
"Oct 27, 2011","1,245.88","1,224.5","1,252.13","1,223.75","-","1.74%"
"Oct 28, 2011","1,226.13","1,245.25","1,250.5","1,224.13","-","-1.59%"
"Oct 30, 2011","1,227.38","1,227.5","1,227.88","1,225.88","-","0.10%"
"Oct 31, 2011","1,214","1,227.25","1,229","1,203.63","-","-1.09%"
"Nov 01, 2011","1,198.63","1,214.88","1,222.88","1,190.75","-","-1.27%"
"Nov 02, 2011","1,204","1,198.5","1,218.25","1,198.13","-","0.45%"
"Nov 03, 2011","1,226.13","1,204.38","1,231.38","1,200.88","-","1.84%"
"Nov 04, 2011","1,220.38","1,226","1,230.88","1,219.13","-","-0.47%"
"Nov 07, 2011","1,202.5","1,220.63","1,222.88","1,198.5","-","-1.46%"
"Nov 08, 2011","1,205.5","1,203.63","1,217.13","1,199.88","-","0.25%"
"Nov 09, 2011","1,186.13","1,205.88","1,211.88","1,183.75","-","-1.61%"
"Nov 10, 2011","1,169.5","1,184","1,191.13","1,167","-","-1.40%"
"Nov 11, 2011","1,176.13","1,168.25","1,181","1,168.25","-","0.57%"
"Nov 14, 2011","1,179.25","1,178.25","1,192.88","1,177.13","-","0.27%"
"Nov 15, 2011","1,199.63","1,179.38","1,206.13","1,178.5","-","1.73%"
"Nov 16, 2011","1,188.13","1,199.63","1,203.13","1,182.88","-","-0.96%"
"Nov 17, 2011","1,169.63","1,186.5","1,192.13","1,162.13","-","-1.56%"
"Nov 18, 2011","1,171.38","1,170.25","1,177.38","1,152.88","-","0.15%"
"Nov 21, 2011","1,145.63","1,171.88","1,174.13","1,145.13","-","-2.20%"
"Nov 22, 2011","1,151.88","1,147.63","1,155.63","1,141.13","-","0.55%"
"Nov 23, 2011","1,123.13","1,155.75","1,158.25","1,121.13","-","-2.50%"
"Nov 25, 2011","1,108.88","1,120.38","1,125.38","1,102.88","-","-1.27%"
"Nov 28, 2011","1,123.38","1,114.25","1,127.13","1,114.25","-","1.31%"
"Nov 29, 2011","1,125.63","1,124.13","1,138.13","1,115.13","-","0.20%"
"Nov 30, 2011","1,133.38","1,123.38","1,145.5","1,111.63","-","0.69%"
"Dec 01, 2011","1,128.25","1,133.63","1,142.88","1,116.38","-","-0.45%"
"Dec 02, 2011","1,136.38","1,131.63","1,144.38","1,128.38","-","0.72%"
"Dec 05, 2011","1,126","1,139.88","1,148.13","1,122.13","-","-0.91%"
"Dec 06, 2011","1,128.38","1,125.75","1,131.88","1,120.38","-","0.21%"
"Dec 07, 2011","1,131.75","1,130.25","1,136.88","1,124","-","0.30%"
"Dec 08, 2011","1,132.13","1,131.75","1,136.38","1,121.38","-","0.03%"
"Dec 09, 2011","1,106.38","1,131.25","1,133.38","1,100.38","-","-2.27%"
"Dec 11, 2011","1,105.63","1,105.63","1,105.63","1,105.63","-","-0.07%"
"Dec 12, 2011","1,111.75","1,107.88","1,114.88","1,095.13","-","0.55%"
"Dec 13, 2011","1,118.13","1,111.63","1,126.88","1,106.38","-","0.57%"
"Dec 14, 2011","1,103.88","1,115.63","1,119.38","1,094.63","-","-1.27%"
"Dec 15, 2011","1,113.88","1,100.88","1,113.88","1,100.88","-","0.91%"
"Dec 16, 2011","1,130.38","1,112.38","1,130.38","1,111.63","-","1.48%"
"Dec 19, 2011","1,139.13","1,137.38","1,148.63","1,131.75","-","0.77%"
"Dec 20, 2011","1,144.63","1,136.5","1,149.63","1,136.13","-","0.48%"
"Dec 21, 2011","1,153.13","1,144.63","1,158.88","1,132.5","-","0.74%"
"Dec 22, 2011","1,160.88","1,152.25","1,167.88","1,144.38","-","0.67%"
"Dec 23, 2011","1,163.38","1,160.75","1,167","1,156.63","-","0.22%"
"Dec 25, 2011","1,172.38","1,172.38","1,172.38","1,172.38","-","0.77%"
"Dec 26, 2011","1,172.38","1,172.38","1,172.38","1,172.38","-","0.00%"
"Dec 27, 2011","1,206.5","1,182.63","1,214.63","1,182.63","-","2.91%"
"Dec 28, 2011","1,208.63","1,205.38","1,218.63","1,193.38","-","0.18%"
"Dec 29, 2011","1,197.63","1,205.75","1,211.38","1,193.13","-","-0.91%"
"Dec 30, 2011","1,211.88","1,195.75","1,215.63","1,194.63","-","1.19%"
"Jan 02, 2012","1,211.88","1,211.88","1,211.88","1,211.88","-","0.00%"
"Jan 03, 2012","1,227.25","1,236.5","1,244.38","1,223.63","-","1.27%"
"Jan 04, 2012","1,231.63","1,227.38","1,235.63","1,220.63","-","0.36%"
"Jan 05, 2012","1,208.88","1,229.88","1,233.5","1,207.13","-","-1.85%"
"Jan 06, 2012","1,193.88","1,207.5","1,219.63","1,193.88","-","-1.24%"
"Jan 09, 2012","1,232.63","1,195.25","1,234.63","1,194.75","-","3.25%"
"Jan 10, 2012","1,231.88","1,230.88","1,236.88","1,220.63","-","-0.06%"
"Jan 11, 2012","1,200.88","1,228.63","1,231.88","1,200.88","-","-2.52%"
"Jan 12, 2012","1,183","1,202.25","1,213.63","1,150.38","-","-1.49%"
"Jan 13, 2012","1,157.63","1,182.38","1,194.13","1,157.63","-","-2.14%"
"Jan 17, 2012","1,184.63","1,163.63","1,186.75","1,163.38","-","2.33%"
"Jan 18, 2012","1,181.5","1,182.38","1,186.88","1,172.63","-","-0.26%"
"Jan 19, 2012","1,195.88","1,184.13","1,197.38","1,181.5","-","1.22%"
"Jan 20, 2012","1,185.25","1,197.88","1,203.88","1,183.38","-","-0.89%"
"Jan 23, 2012","1,214.13","1,194.13","1,218.63","1,192.25","-","2.44%"
"Jan 24, 2012","1,219.63","1,214.25","1,229.38","1,203.88","-","0.45%"
"Jan 25, 2012","1,212.88","1,219.38","1,226.38","1,208.88","-","-0.55%"
"Jan 26, 2012","1,222.13","1,213.88","1,230.88","1,213.38","-","0.76%"
"Jan 27, 2012","1,218.13","1,221.38","1,225.63","1,215.38","-","-0.33%"
"Jan 30, 2012","1,185.13","1,214.13","1,218.38","1,184.88","-","-2.71%"
"Jan 31, 2012","1,200.38","1,187.13","1,200.88","1,184.63","-","1.29%"
"Feb 01, 2012","1,217","1,202.13","1,219","1,202.13","-","1.38%"
"Feb 02, 2012","1,216.88","1,213.38","1,224.63","1,206.38","-","-0.01%"
"Feb 03, 2012","1,232.88","1,216.5","1,236.38","1,214.25","-","1.31%"
"Feb 06, 2012","1,234.25","1,230.88","1,243.88","1,230.88","-","0.11%"
"Feb 07, 2012","1,232.13","1,232.63","1,239.38","1,227.13","-","-0.17%"
"Feb 08, 2012","1,230.63","1,230.25","1,244.63","1,223.13","-","-0.12%"
"Feb 09, 2012","1,228.25","1,229.63","1,247.38","1,222.88","-","-0.19%"
"Feb 10, 2012","1,228.88","1,229.5","1,230.63","1,215.63","-","0.05%"
"Feb 13, 2012","1,253.63","1,237.63","1,253.63","1,232.38","-","2.01%"
"Feb 14, 2012","1,254.63","1,251.88","1,261.63","1,245.63","-","0.08%"
"Feb 15, 2012","1,262.63","1,254.88","1,268.88","1,249.13","-","0.64%"
"Feb 16, 2012","1,258.63","1,260.88","1,264.25","1,246.38","-","-0.32%"
"Feb 17, 2012","1,266.63","1,257.75","1,273.13","1,257.13","-","0.64%"
"Feb 21, 2012","1,269.5","1,270.88","1,275.88","1,260.25","-","0.23%"
"Feb 22, 2012","1,270.88","1,267.5","1,272.13","1,261.63","-","0.11%"
"Feb 23, 2012","1,276.88","1,271","1,279.88","1,266.63","-","0.47%"
"Feb 24, 2012","1,280.25","1,275.88","1,284.5","1,272.13","-","0.26%"
"Feb 27, 2012","1,301.88","1,286.13","1,303.63","1,284.13","-","1.69%"
"Feb 28, 2012","1,313.13","1,300.63","1,314.63","1,300.13","-","0.86%"
"Feb 29, 2012","1,319.13","1,311.13","1,324.13","1,308.13","-","0.46%"
"Mar 01, 2012","1,322.13","1,315.63","1,323.63","1,306.38","-","0.23%"
"Mar 02, 2012","1,331.88","1,321.63","1,332.88","1,316.38","-","0.74%"
"Mar 05, 2012","1,324.38","1,329.75","1,336.13","1,323.63","-","-0.56%"
"Mar 06, 2012","1,335.63","1,324.13","1,336.13","1,315.63","-","0.85%"
"Mar 07, 2012","1,327.13","1,333.88","1,338.88","1,324.13","-","-0.64%"
"Mar 08, 2012","1,337.38","1,326.88","1,338.63","1,324.25","-","0.77%"
"Mar 09, 2012","1,337.63","1,336.88","1,355.38","1,330.38","-","0.02%"
"Mar 11, 2012","1,333.88","1,337.75","1,338.25","1,332.63","-","-0.28%"
"Mar 12, 2012","1,333.5","1,333.75","1,341.63","1,331.5","-","-0.03%"
"Mar 13, 2012","1,353","1,333.63","1,354.63","1,333.38","-","1.46%"
"Mar 14, 2012","1,356.63","1,352.88","1,360.38","1,346.38","-","0.27%"
"Mar 15, 2012","1,367.63","1,355.63","1,369.88","1,354.38","-","0.81%"
"Mar 16, 2012","1,375.5","1,367.75","1,377.13","1,363.88","-","0.58%"
"Mar 18, 2012","1,377.13","1,374.63","1,377.88","1,373.38","-","0.12%"
"Mar 19, 2012","1,367.5","1,377","1,377.38","1,362.38","-","-0.70%"
"Mar 20, 2012","1,346.38","1,367.38","1,367.75","1,341.88","-","-1.54%"
"Mar 21, 2012","1,355.63","1,346.63","1,357.63","1,344.88","-","0.69%"
"Mar 22, 2012","1,351.88","1,355.25","1,359.88","1,338.63","-","-0.28%"
"Mar 23, 2012","1,366.63","1,352.25","1,368.88","1,351.63","-","1.09%"
"Mar 25, 2012","1,364.63","1,365.5","1,366.38","1,364.13","-","-0.15%"
"Mar 26, 2012","1,380.88","1,364.75","1,388.13","1,364.63","-","1.19%"
"Mar 27, 2012","1,371.88","1,380.75","1,387.25","1,368.88","-","-0.65%"
"Mar 28, 2012","1,372.13","1,371.63","1,378.88","1,364.13","-","0.02%"
"Mar 29, 2012","1,359.38","1,372.25","1,376.5","1,351.13","-","-0.93%"
"Mar 30, 2012","1,401.88","1,359.88","1,415.88","1,354.38","-","3.13%"
"Apr 01, 2012","1,411.38","1,406.63","1,412.88","1,406.63","-","0.68%"
"Apr 02, 2012","1,422.63","1,411.25","1,433.25","1,409.5","-","0.80%"
"Apr 03, 2012","1,418.13","1,422.88","1,433.75","1,414.13","-","-0.32%"
"Apr 04, 2012","1,422.88","1,418","1,429.63","1,408.38","-","0.33%"
"Apr 05, 2012","1,431.38","1,423.38","1,434.13","1,414.88","-","0.60%"
"Apr 08, 2012","1,441.88","1,430.5","1,443.75","1,428.63","-","0.73%"
"Apr 09, 2012","1,430.38","1,441.75","1,446.63","1,424.13","-","-0.80%"
"Apr 10, 2012","1,426.75","1,430.25","1,451.25","1,421.88","-","-0.25%"
"Apr 11, 2012","1,422.25","1,426.63","1,429.88","1,415.38","-","-0.32%"
"Apr 12, 2012","1,444","1,422.13","1,444.38","1,420.5","-","1.53%"
"Apr 13, 2012","1,436.88","1,444.13","1,447.63","1,431.63","-","-0.49%"
"Apr 15, 2012","1,434.25","1,433.88","1,435.75","1,431.63","-","-0.18%"
"Apr 16, 2012","1,419.25","1,434.38","1,435.13","1,415.63","-","-1.05%"
"Apr 17, 2012","1,428.63","1,419.13","1,434.38","1,419.13","-","0.66%"
"Apr 18, 2012","1,411.38","1,428.88","1,433.88","1,404","-","-1.21%"
"Apr 19, 2012","1,419.5","1,411.25","1,429.75","1,407.13","-","0.58%"
"Apr 20, 2012","1,453.88","1,419.63","1,453.88","1,413.13","-","2.42%"
"Apr 22, 2012","1,455","1,451.13","1,456.75","1,450.38","-","0.08%"
"Apr 23, 2012","1,439.38","1,454.88","1,457","1,437.63","-","-1.07%"
"Apr 24, 2012","1,470.63","1,439.13","1,471.13","1,439","-","2.17%"
"Apr 25, 2012","1,472.25","1,470.5","1,496.63","1,469.38","-","0.11%"
"Apr 26, 2012","1,485.88","1,472.13","1,487.63","1,463.63","-","0.93%"
"Apr 27, 2012","1,492.63","1,485.63","1,506.38","1,481.5","-","0.45%"
"Apr 29, 2012","1,492.5","1,490.25","1,494.38","1,489.38","-","-0.01%"
"Apr 30, 2012","1,500.88","1,492.38","1,506.63","1,482.25","-","0.56%"
"May 01, 2012","1,500.5","1,501","1,504.63","1,492.5","-","-0.02%"
"May 02, 2012","1,482.38","1,500.75","1,512.38","1,480.38","-","-1.21%"
"May 03, 2012","1,477.13","1,482.63","1,488.5","1,465.88","-","-0.35%"
"May 04, 2012","1,477.88","1,477.25","1,481.13","1,458.38","-","0.05%"
"May 06, 2012","1,475.25","1,470.63","1,476","1,469.63","-","-0.18%"
"May 07, 2012","1,467.5","1,475.13","1,478.63","1,460.38","-","-0.53%"
"May 08, 2012","1,440.25","1,467.63","1,471.38","1,434.88","-","-1.86%"
"May 09, 2012","1,432.5","1,440.13","1,441.63","1,414.25","-","-0.54%"
"May 10, 2012","1,459.13","1,432.63","1,461.88","1,431.63","-","1.86%"
"May 11, 2012","1,403.13","1,459","1,459","1,402.63","-","-3.84%"
"May 13, 2012","1,394.38","1,405.88","1,406","1,392.88","-","-0.62%"
"May 14, 2012","1,385.13","1,394.5","1,402.63","1,376.13","-","-0.66%"
"May 15, 2012","1,414.75","1,385.25","1,416.13","1,380.25","-","2.14%"
"May 16, 2012","1,422.63","1,414.88","1,424.38","1,386.5","-","0.56%"
"May 17, 2012","1,432.88","1,422.75","1,449.63","1,422.63","-","0.72%"
"May 18, 2012","1,408.38","1,432.75","1,438.63","1,405.13","-","-1.71%"
"May 20, 2012","1,412.88","1,414.5","1,416.13","1,411.5","-","0.32%"
"May 21, 2012","1,408.5","1,413.88","1,422.88","1,408.13","-","-0.31%"
"May 22, 2012","1,379.63","1,408.63","1,417.63","1,375.38","-","-2.05%"
"May 23, 2012","1,374","1,379.25","1,379.5","1,351.13","-","-0.41%"
"May 24, 2012","1,379.5","1,374.25","1,385.25","1,370.5","-","0.40%"
"May 25, 2012","1,381.75","1,379.38","1,386.38","1,371.63","-","0.16%"
"May 29, 2012","1,390.38","1,381.88","1,401.88","1,379.5","-","0.62%"
"May 30, 2012","1,375.13","1,390","1,393.63","1,365.38","-","-1.10%"
"May 31, 2012","1,344.25","1,375.25","1,377.5","1,339.63","-","-2.25%"
"Jun 01, 2012","1,339.88","1,344.13","1,358","1,326.88","-","-0.33%"
"Jun 03, 2012","1,349.63","1,350.63","1,352.63","1,348.5","-","0.73%"
"Jun 04, 2012","1,346.13","1,349.5","1,354","1,331.63","-","-0.26%"
"Jun 05, 2012","1,356.75","1,346.25","1,360.13","1,341.25","-","0.79%"
"Jun 06, 2012","1,388.25","1,356.5","1,391.75","1,352.88","-","2.32%"
"Jun 07, 2012","1,426.38","1,388","1,429.88","1,386.88","-","2.75%"
"Jun 08, 2012","1,428.38","1,426.5","1,438.63","1,408.38","-","0.14%"
"Jun 10, 2012","1,425.75","1,423.5","1,426.13","1,422.38","-","-0.18%"
"Jun 11, 2012","1,424.13","1,425.63","1,444.63","1,420.13","-","-0.11%"
"Jun 12, 2012","1,434.5","1,423.88","1,441","1,418.75","-","0.73%"
"Jun 13, 2012","1,407.63","1,434.63","1,437.38","1,405.38","-","-1.87%"
"Jun 14, 2012","1,390.88","1,407.38","1,413.13","1,384.38","-","-1.19%"
"Jun 15, 2012","1,376.13","1,391.25","1,401","1,370.88","-","-1.06%"
"Jun 17, 2012","1,383.38","1,383.13","1,384.38","1,382.63","-","0.53%"
"Jun 18, 2012","1,396.88","1,383.5","1,397.38","1,375.5","-","0.98%"
"Jun 19, 2012","1,436","1,397.63","1,451.13","1,393.63","-","2.80%"
"Jun 20, 2012","1,437.88","1,435.88","1,447.13","1,433.38","-","0.13%"
"Jun 21, 2012","1,442.63","1,437.75","1,456.38","1,431.13","-","0.33%"
"Jun 22, 2012","1,442.13","1,442.75","1,464.13","1,438.88","-","-0.03%"
"Jun 24, 2012","1,453.75","1,442.75","1,455.13","1,442.75","-","0.81%"
"Jun 25, 2012","1,470","1,453.88","1,479.13","1,452.38","-","1.12%"
"Jun 26, 2012","1,457.63","1,470.13","1,479.25","1,450.13","-","-0.84%"
"Jun 27, 2012","1,458.88","1,457.38","1,481.38","1,452.13","-","0.09%"
"Jun 28, 2012","1,451.75","1,458.75","1,464.88","1,440.75","-","-0.49%"
"Jun 29, 2012","1,480.88","1,451.63","1,486.38","1,441.88","-","2.01%"
"Jul 01, 2012","1,507.25","1,480.88","1,508","1,480.88","-","1.78%"
"Jul 02, 2012","1,503","1,507.75","1,517.25","1,485.25","-","-0.28%"
"Jul 03, 2012","1,525.75","1,503.13","1,532.88","1,497.63","-","1.51%"
"Jul 05, 2012","1,576","1,545.63","1,585.5","1,544.63","-","3.29%"
"Jul 06, 2012","1,570","1,576.5","1,582.88","1,562.13","-","-0.38%"
"Jul 08, 2012","1,590.5","1,589.38","1,595.13","1,587.13","-","1.31%"
"Jul 09, 2012","1,594.88","1,591","1,625.25","1,583.63","-","0.28%"
"Jul 10, 2012","1,597.13","1,595","1,606.38","1,586.38","-","0.14%"
"Jul 11, 2012","1,578.38","1,597.25","1,623.75","1,553","-","-1.17%"
"Jul 12, 2012","1,576","1,578.5","1,588.75","1,559.38","-","-0.15%"
"Jul 13, 2012","1,596.13","1,575.75","1,599.88","1,571.88","-","1.28%"
"Jul 15, 2012","1,617.5","1,613.5","1,618.13","1,610","-","1.34%"
"Jul 16, 2012","1,644.75","1,617.38","1,645.25","1,617.38","-","1.68%"
"Jul 17, 2012","1,639.13","1,644.63","1,647.5","1,617.75","-","-0.34%"
"Jul 18, 2012","1,682.87","1,639","1,686.38","1,627.13","-","2.67%"
"Jul 19, 2012","1,738","1,683.13","1,749","1,677.75","-","3.28%"
"Jul 20, 2012","1,758.38","1,737.88","1,777.62","1,729.25","-","1.17%"
"Jul 22, 2012","1,739.5","1,759.88","1,759.88","1,724.5","-","-1.07%"
"Jul 23, 2012","1,666.5","1,739.25","1,743.12","1,660.75","-","-4.20%"
"Jul 24, 2012","1,623","1,666.88","1,673.13","1,622.13","-","-2.61%"
"Jul 25, 2012","1,677.13","1,622.88","1,701.5","1,618.13","-","3.33%"
"Jul 26, 2012","1,645.25","1,676.75","1,696.88","1,642","-","-1.90%"
"Jul 27, 2012","1,683.25","1,645.75","1,694.13","1,645.25","-","2.31%"
"Jul 29, 2012","1,661.5","1,646","1,671.25","1,642.5","-","-1.29%"
"Jul 30, 2012","1,669.75","1,661.63","1,671.88","1,655.5","-","0.50%"
"Jul 31, 2012","1,673.75","1,669.63","1,682.88","1,652.63","-","0.24%"
"Aug 01, 2012","1,631","1,673.63","1,675.63","1,602.5","-","-2.55%"
"Aug 02, 2012","1,614.38","1,631.13","1,639.13","1,601.63","-","-1.02%"
"Aug 03, 2012","1,635.63","1,614.25","1,645","1,609.38","-","1.32%"
"Aug 05, 2012","1,604.13","1,607.88","1,610.25","1,589.38","-","-1.93%"
"Aug 06, 2012","1,598.63","1,604","1,609.25","1,590.75","-","-0.34%"
"Aug 07, 2012","1,582.5","1,598.5","1,612.75","1,573.75","-","-1.01%"
"Aug 08, 2012","1,597.63","1,582.63","1,601.88","1,570.75","-","0.96%"
"Aug 09, 2012","1,653.75","1,597.38","1,663.88","1,595.75","-","3.51%"
"Aug 10, 2012","1,673.63","1,653.88","1,698.88","1,646.38","-","1.20%"
"Aug 12, 2012","1,667.25","1,662.5","1,679.37","1,662.5","-","-0.38%"
"Aug 13, 2012","1,629.88","1,667.38","1,670.75","1,618.5","-","-2.24%"
"Aug 14, 2012","1,626.38","1,629.75","1,634.88","1,610.25","-","-0.21%"
"Aug 15, 2012","1,665","1,626","1,666.38","1,625.75","-","2.37%"
"Aug 16, 2012","1,652.88","1,665.13","1,672.63","1,646.5","-","-0.73%"
"Aug 17, 2012","1,671.5","1,653.25","1,672.38","1,650.63","-","1.13%"
"Aug 19, 2012","1,674.38","1,671","1,676.38","1,669.38","-","0.17%"
"Aug 20, 2012","1,708","1,674.25","1,708.25","1,666.88","-","2.01%"
"Aug 21, 2012","1,751.5","1,708.13","1,754.75","1,703.38","-","2.55%"
"Aug 22, 2012","1,754.63","1,751.38","1,755.62","1,735","-","0.18%"
"Aug 23, 2012","1,727.25","1,754.75","1,764.88","1,720.13","-","-1.56%"
"Aug 24, 2012","1,737.88","1,727.13","1,749.13","1,725.12","-","0.62%"
"Aug 26, 2012","1,753.88","1,740.5","1,754.13","1,738.88","-","0.92%"
"Aug 27, 2012","1,716.63","1,754","1,760.63","1,714.13","-","-2.12%"
"Aug 28, 2012","1,718.63","1,716.38","1,730.88","1,701.13","-","0.12%"
"Aug 29, 2012","1,750","1,718.5","1,754.88","1,716.88","-","1.83%"
"Aug 30, 2012","1,761.63","1,750.12","1,770.62","1,735.5","-","0.66%"
"Aug 31, 2012","1,754.37","1,761.75","1,761.88","1,745.62","-","-0.41%"
"Sep 04, 2012","1,764.75","1,772.63","1,788.88","1,755.63","-","0.59%"
"Sep 05, 2012","1,732.88","1,764.88","1,769.63","1,731.13","-","-1.81%"
"Sep 06, 2012","1,743.87","1,733.12","1,753.63","1,725.63","-","0.63%"
"Sep 07, 2012","1,733.25","1,744.13","1,751.63","1,726.38","-","-0.61%"
"Sep 09, 2012","1,727.25","1,729.37","1,731.88","1,719.25","-","-0.35%"
"Sep 10, 2012","1,720.62","1,727.38","1,744.13","1,716.63","-","-0.38%"
"Sep 11, 2012","1,699.75","1,720.75","1,728.88","1,696.88","-","-1.21%"
"Sep 12, 2012","1,746","1,699.63","1,749.88","1,693.63","-","2.72%"
"Sep 13, 2012","1,745.38","1,746.13","1,749.63","1,732.88","-","-0.04%"
"Sep 14, 2012","1,738.25","1,745.62","1,765.13","1,737.62","-","-0.41%"
"Sep 16, 2012","1,729.25","1,733.63","1,736.38","1,726.87","-","-0.52%"
"Sep 17, 2012","1,661.38","1,729.37","1,731.75","1,654.63","-","-3.93%"
"Sep 18, 2012","1,649.25","1,661.25","1,668.75","1,630.63","-","-0.73%"
"Sep 19, 2012","1,682.63","1,649.13","1,685.75","1,648.88","-","2.02%"
"Sep 20, 2012","1,624.88","1,682.88","1,683.75","1,616.13","-","-3.43%"
"Sep 21, 2012","1,624.38","1,625","1,638.75","1,607.63","-","-0.03%"
"Sep 23, 2012","1,615.5","1,621.5","1,625.88","1,612.63","-","-0.55%"
"Sep 24, 2012","1,607.63","1,615.63","1,617.13","1,590.38","-","-0.49%"
"Sep 25, 2012","1,611.63","1,607.75","1,625.38","1,604.38","-","0.25%"
"Sep 26, 2012","1,578","1,610.38","1,610.88","1,565.13","-","-2.09%"
"Sep 27, 2012","1,576.25","1,577.88","1,583.88","1,557.63","-","-0.11%"
"Sep 28, 2012","1,598.38","1,576.13","1,613.63","1,561.5","-","1.40%"
"Sep 30, 2012","1,591.88","1,596.5","1,599.88","1,590.88","-","-0.41%"
"Oct 01, 2012","1,555.25","1,592","1,596.75","1,551.75","-","-2.30%"
"Oct 02, 2012","1,524.38","1,555.13","1,561.25","1,523.38","-","-1.99%"
"Oct 03, 2012","1,534.88","1,524.5","1,543.63","1,504.13","-","0.69%"
"Oct 04, 2012","1,555.75","1,534.5","1,568.38","1,532.63","-","1.36%"
"Oct 05, 2012","1,552.25","1,556","1,569","1,545.63","-","-0.22%"
"Oct 07, 2012","1,552.63","1,552.25","1,556.88","1,548.63","-","0.02%"
"Oct 08, 2012","1,549.13","1,552.75","1,560.88","1,537.63","-","-0.23%"
"Oct 09, 2012","1,542","1,549.25","1,573.75","1,538.38","-","-0.46%"
"Oct 10, 2012","1,524.38","1,541.88","1,549.88","1,518.63","-","-1.14%"
"Oct 11, 2012","1,553","1,524.25","1,567.63","1,521.5","-","1.88%"
"Oct 12, 2012","1,522.38","1,552.88","1,553","1,510.13","-","-1.97%"
"Oct 14, 2012","1,505","1,522.38","1,522.38","1,502.38","-","-1.14%"
"Oct 15, 2012","1,502.13","1,504.88","1,508.5","1,485.88","-","-0.19%"
"Oct 16, 2012","1,491.38","1,502","1,514.38","1,490.13","-","-0.72%"
"Oct 17, 2012","1,511.25","1,491.38","1,511.88","1,487.25","-","1.33%"
"Oct 18, 2012","1,545.25","1,511","1,548.38","1,509.75","-","2.25%"
"Oct 19, 2012","1,533.25","1,545.63","1,555.63","1,532.38","-","-0.78%"
"Oct 21, 2012","1,533.38","1,531.25","1,534.13","1,526.88","-","0.01%"
"Oct 22, 2012","1,547.88","1,533.5","1,558.38","1,532.5","-","0.95%"
"Oct 23, 2012","1,551.25","1,547.75","1,554.63","1,529.13","-","0.22%"
"Oct 24, 2012","1,567.88","1,551.38","1,574.63","1,549.5","-","1.07%"
"Oct 25, 2012","1,559.25","1,568","1,574.38","1,557.38","-","-0.55%"
"Oct 26, 2012","1,560.63","1,559.38","1,566.63","1,552.63","-","0.09%"
"Oct 28, 2012","1,557","1,561.13","1,563.13","1,556.13","-","-0.23%"
"Oct 29, 2012","1,530.75","1,557.13","1,557.38","1,526.38","-","-1.69%"
"Oct 30, 2012","1,537.25","1,530.63","1,550.88","1,528.25","-","0.42%"
"Oct 31, 2012","1,550.88","1,537.38","1,558.63","1,536.88","-","0.89%"
"Nov 01, 2012","1,559.38","1,551","1,571.13","1,550.75","-","0.55%"
"Nov 02, 2012","1,526","1,559.25","1,559.88","1,524.38","-","-2.14%"
"Nov 04, 2012","1,518.88","1,521.13","1,521.63","1,516.38","-","-0.47%"
"Nov 05, 2012","1,509.63","1,519","1,524.25","1,502.13","-","-0.61%"
"Nov 06, 2012","1,517.63","1,509.88","1,522.88","1,508.5","-","0.53%"
"Nov 07, 2012","1,505.25","1,517.88","1,521.5","1,497.63","-","-0.82%"
"Nov 08, 2012","1,495.5","1,505.38","1,513.5","1,494.13","-","-0.65%"
"Nov 09, 2012","1,451.38","1,495.63","1,498.88","1,450.5","-","-2.95%"
"Nov 11, 2012","1,439.25","1,447.38","1,448.38","1,437.88","-","-0.84%"
"Nov 12, 2012","1,409.25","1,439.38","1,439.88","1,402.13","-","-2.08%"
"Nov 13, 2012","1,414.13","1,409.13","1,417.38","1,391.38","-","0.35%"
"Nov 14, 2012","1,422.25","1,414.38","1,428.38","1,408.63","-","0.57%"
"Nov 15, 2012","1,401.5","1,422.5","1,427.63","1,400.63","-","-1.46%"
"Nov 16, 2012","1,383.63","1,401.38","1,409","1,372.38","-","-1.28%"
"Nov 18, 2012","1,391.5","1,386.88","1,392.38","1,385.75","-","0.57%"
"Nov 19, 2012","1,398.38","1,391.63","1,402.63","1,390.25","-","0.49%"
"Nov 20, 2012","1,410.75","1,398.25","1,415.63","1,381.13","-","0.88%"
"Nov 21, 2012","1,407.13","1,410.88","1,423.88","1,399.63","-","-0.26%"
"Nov 23, 2012","1,416.63","1,422.25","1,426.5","1,414.88","-","0.68%"
"Nov 25, 2012","1,421.25","1,419.88","1,423.75","1,416.88","-","0.33%"
"Nov 26, 2012","1,427.88","1,421.13","1,435.38","1,418.63","-","0.47%"
"Nov 27, 2012","1,450.63","1,427.63","1,456.63","1,427.38","-","1.59%"
"Nov 28, 2012","1,447.13","1,450.25","1,455.38","1,440.13","-","-0.24%"
"Nov 29, 2012","1,450.88","1,447","1,459.88","1,441.63","-","0.26%"
"Nov 30, 2012","1,440.63","1,451.13","1,451.38","1,429.13","-","-0.71%"
"Dec 02, 2012","1,440.63","1,440.63","1,440.63","1,440.63","-","0.00%"
"Dec 03, 2012","1,457.25","1,444","1,462.63","1,442.38","-","1.15%"
"Dec 04, 2012","1,462.88","1,457.63","1,464.5","1,436.13","-","0.39%"
"Dec 05, 2012","1,486.88","1,463.13","1,487.88","1,458.5","-","1.64%"
"Dec 06, 2012","1,487.25","1,487.13","1,492.13","1,473.38","-","0.03%"
"Dec 07, 2012","1,472.38","1,487.13","1,497.88","1,470.25","-","-1.00%"
"Dec 09, 2012","1,468.25","1,469.75","1,471.25","1,467.63","-","-0.28%"
"Dec 10, 2012","1,473.5","1,468.38","1,476.88","1,453.25","-","0.36%"
"Dec 11, 2012","1,472.13","1,473.63","1,486.88","1,464.88","-","-0.09%"
"Dec 12, 2012","1,473.13","1,472.13","1,478.63","1,458","-","0.07%"
"Dec 13, 2012","1,478.5","1,473","1,489.88","1,465.13","-","0.36%"
"Dec 14, 2012","1,495.38","1,478.63","1,496.88","1,475.38","-","1.14%"
"Dec 16, 2012","1,503","1,496.13","1,504.25","1,495.88","-","0.51%"
"Dec 17, 2012","1,496.5","1,502.88","1,508.63","1,492.63","-","-0.43%"
"Dec 18, 2012","1,470.88","1,496.63","1,501.88","1,462.63","-","-1.71%"
"Dec 19, 2012","1,438.75","1,470.75","1,472.13","1,433.13","-","-2.18%"
"Dec 20, 2012","1,414","1,438.63","1,441.13","1,403.13","-","-1.72%"
"Dec 21, 2012","1,429.88","1,413.88","1,438.63","1,412.63","-","1.12%"
"Dec 23, 2012","1,436.63","1,431.38","1,441.38","1,430.13","-","0.47%"
"Dec 24, 2012","1,435.88","1,436.88","1,439.88","1,425.75","-","-0.05%"
"Dec 26, 2012","1,420.38","1,435.88","1,441.88","1,415.13","-","-1.08%"
"Dec 27, 2012","1,418.25","1,420.25","1,429.25","1,411.38","-","-0.15%"
"Dec 28, 2012","1,416.38","1,418","1,427.25","1,412.88","-","-0.13%"
"Dec 30, 2012","1,417.5","1,415.63","1,420.63","1,415.63","-","0.08%"
"Dec 31, 2012","1,408.5","1,417.63","1,425.13","1,400.88","-","-0.63%"
"Jan 02, 2013","1,393.13","1,432.63","1,433","1,386.38","-","-1.09%"
"Jan 03, 2013","1,391.25","1,393.13","1,395.63","1,372.63","-","-0.13%"
"Jan 04, 2013","1,365.75","1,391.38","1,397.13","1,356.13","-","-1.83%"
"Jan 06, 2013","1,363.25","1,367.13","1,367.25","1,357.63","-","-0.18%"
"Jan 07, 2013","1,390.63","1,363.38","1,392.63","1,360.63","-","2.01%"
"Jan 08, 2013","1,384.38","1,390.5","1,393.63","1,376.88","-","-0.45%"
"Jan 09, 2013","1,387.25","1,384.5","1,392.88","1,380.38","-","0.21%"
"Jan 10, 2013","1,376.5","1,387.38","1,394.38","1,373.13","-","-0.77%"
"Jan 11, 2013","1,375.88","1,376.38","1,381.38","1,352.63","-","-0.05%"
"Jan 13, 2013","1,386.25","1,377","1,387.13","1,377","-","0.75%"
"Jan 14, 2013","1,417.88","1,386.5","1,422.88","1,384.75","-","2.28%"
"Jan 15, 2013","1,415.88","1,417.63","1,435.63","1,408.13","-","-0.14%"
"Jan 16, 2013","1,438.88","1,416.25","1,439.38","1,414.5","-","1.62%"
"Jan 17, 2013","1,436.88","1,438.75","1,447.88","1,422.88","-","-0.14%"
"Jan 18, 2013","1,428.38","1,436.63","1,438.38","1,421.13","-","-0.59%"
"Jan 20, 2013","1,428.38","1,428.38","1,428.38","1,428.38","-","0.00%"
"Jan 22, 2013","1,448.63","1,440.38","1,460.63","1,436.13","-","1.42%"
"Jan 23, 2013","1,431.38","1,448.75","1,457.63","1,430.38","-","-1.19%"
"Jan 24, 2013","1,439","1,431.5","1,441.75","1,415.13","-","0.53%"
"Jan 25, 2013","1,440.63","1,439.13","1,444.75","1,426.13","-","0.11%"
"Jan 27, 2013","1,451.13","1,446.38","1,451.88","1,446.13","-","0.73%"
"Jan 28, 2013","1,445.38","1,451.38","1,452.38","1,434.88","-","-0.40%"
"Jan 29, 2013","1,450.13","1,445.13","1,457.88","1,441.13","-","0.33%"
"Jan 30, 2013","1,478","1,450.38","1,481.63","1,447.13","-","1.92%"
"Jan 31, 2013","1,470.63","1,477.88","1,484","1,455.88","-","-0.50%"
"Feb 01, 2013","1,476.13","1,470.88","1,486.38","1,463.88","-","0.37%"
"Feb 03, 2013","1,481.38","1,483.38","1,484.88","1,478.5","-","0.36%"
"Feb 04, 2013","1,489.13","1,481.13","1,497.88","1,475.63","-","0.52%"
"Feb 05, 2013","1,493","1,488.88","1,496.13","1,478.13","-","0.26%"
"Feb 06, 2013","1,486","1,493.13","1,493.75","1,477.13","-","-0.47%"
"Feb 07, 2013","1,486.13","1,486.13","1,496.88","1,478.13","-","0.01%"
"Feb 08, 2013","1,453.38","1,486.38","1,494.63","1,451.88","-","-2.20%"
"Feb 10, 2013","1,440.88","1,449.88","1,449.88","1,432.38","-","-0.86%"
"Feb 11, 2013","1,433.5","1,441.38","1,442.13","1,429.38","-","-0.51%"
"Feb 12, 2013","1,426","1,433.38","1,438.38","1,417.13","-","-0.52%"
"Feb 13, 2013","1,425.88","1,425.88","1,428.63","1,404.63","-","-0.01%"
"Feb 14, 2013","1,421","1,425.75","1,428.63","1,406.25","-","-0.34%"
"Feb 15, 2013","1,425.5","1,421.25","1,427.63","1,415.13","-","0.32%"
"Feb 19, 2013","1,471.13","1,434.13","1,473.88","1,433.88","-","3.20%"
"Feb 20, 2013","1,479.25","1,471","1,491.75","1,469.38","-","0.55%"
"Feb 21, 2013","1,490.13","1,479.38","1,494.13","1,470.75","-","0.74%"
"Feb 22, 2013","1,459.88","1,490","1,516.38","1,459.88","-","-2.03%"
"Feb 24, 2013","1,444.88","1,443","1,446.13","1,435.38","-","-1.03%"
"Feb 25, 2013","1,434.75","1,444.63","1,452.88","1,421.63","-","-0.70%"
"Feb 26, 2013","1,435.88","1,434.88","1,442.5","1,420.63","-","0.08%"
"Feb 27, 2013","1,439.38","1,435.75","1,448.38","1,425.13","-","0.24%"
"Feb 28, 2013","1,448.75","1,439.5","1,467.25","1,434.13","-","0.65%"
"Mar 01, 2013","1,444.5","1,449","1,457.63","1,433.38","-","-0.29%"
"Mar 03, 2013","1,444.13","1,441.5","1,446.75","1,440.63","-","-0.03%"
"Mar 04, 2013","1,462.88","1,444.25","1,464.38","1,434.38","-","1.30%"
"Mar 05, 2013","1,466.38","1,463.5","1,481.5","1,459.13","-","0.24%"
"Mar 06, 2013","1,462.75","1,466.5","1,474.88","1,455.88","-","-0.25%"
"Mar 07, 2013","1,472.13","1,462.5","1,474.5","1,460.88","-","0.64%"
"Mar 08, 2013","1,472.63","1,472.25","1,484.13","1,450.5","-","0.03%"
"Mar 10, 2013","1,477.38","1,474.5","1,483.88","1,474.5","-","0.32%"
"Mar 11, 2013","1,478.38","1,477.5","1,482.88","1,467.88","-","0.07%"
"Mar 12, 2013","1,468.38","1,478.25","1,480.75","1,465.13","-","-0.68%"
"Mar 13, 2013","1,448.25","1,468.5","1,468.63","1,440.38","-","-1.37%"
"Mar 14, 2013","1,436.63","1,448.13","1,449.88","1,429.13","-","-0.80%"
"Mar 15, 2013","1,426.38","1,436.75","1,444.88","1,422.88","-","-0.71%"
"Mar 17, 2013","1,415.25","1,424.88","1,424.88","1,415.25","-","-0.78%"
"Mar 18, 2013","1,410.25","1,415.63","1,418.63","1,404.38","-","-0.35%"
"Mar 19, 2013","1,411.38","1,410.38","1,418.63","1,403.13","-","0.08%"
"Mar 20, 2013","1,423.25","1,411.13","1,424.38","1,408.88","-","0.84%"
"Mar 21, 2013","1,447.38","1,423.13","1,449.88","1,421.88","-","1.70%"
"Mar 22, 2013","1,439.63","1,447.25","1,448.38","1,433.13","-","-0.54%"
"Mar 24, 2013","1,441.88","1,440.63","1,443.25","1,440.63","-","0.16%"
"Mar 25, 2013","1,437.38","1,441.75","1,445.38","1,430.75","-","-0.31%"
"Mar 26, 2013","1,446.5","1,437.63","1,449.38","1,434.25","-","0.63%"
"Mar 27, 2013","1,453.5","1,446.38","1,457.63","1,443.75","-","0.48%"
"Mar 28, 2013","1,404.38","1,453.63","1,459.63","1,397.63","-","-3.38%"
"Mar 31, 2013","1,406.88","1,402.5","1,408.13","1,400.13","-","0.18%"
"Apr 01, 2013","1,393.75","1,406.75","1,407","1,386.63","-","-0.93%"
"Apr 02, 2013","1,392.5","1,393.88","1,405.63","1,386.13","-","-0.09%"
"Apr 03, 2013","1,381.75","1,392.38","1,393.63","1,375.63","-","-0.77%"
"Apr 04, 2013","1,368.25","1,381.88","1,382.63","1,361.13","-","-0.98%"
"Apr 05, 2013","1,362.25","1,368.13","1,369.13","1,354.63","-","-0.44%"
"Apr 08, 2013","1,377.38","1,360","1,379.88","1,356.38","-","1.11%"
"Apr 09, 2013","1,395.75","1,379","1,396.88","1,375.63","-","1.33%"
"Apr 10, 2013","1,393.13","1,393.88","1,409.38","1,386.13","-","-0.19%"
"Apr 11, 2013","1,401.75","1,392.75","1,405.88","1,382.63","-","0.62%"
"Apr 12, 2013","1,413.25","1,401.88","1,418.88","1,399.63","-","0.82%"
"Apr 15, 2013","1,395.88","1,413","1,419.63","1,394.38","-","-1.23%"
"Apr 16, 2013","1,412.38","1,394.13","1,416.63","1,389.13","-","1.18%"
"Apr 17, 2013","1,421.13","1,411.13","1,429.38","1,406.13","-","0.62%"
"Apr 18, 2013","1,431.75","1,420.38","1,441.13","1,419.38","-","0.75%"
"Apr 19, 2013","1,427.38","1,431.5","1,440.88","1,422.13","-","-0.31%"
"Apr 22, 2013","1,418","1,423.63","1,426.88","1,408.13","-","-0.66%"
"Apr 23, 2013","1,419.13","1,417.13","1,429.88","1,417.13","-","0.08%"
"Apr 24, 2013","1,404.38","1,419.75","1,425.88","1,402.13","-","-1.04%"
"Apr 25, 2013","1,424","1,405","1,424.13","1,403.75","-","1.40%"
"Apr 26, 2013","1,431","1,420.5","1,431.88","1,417.38","-","0.49%"
"Apr 29, 2013","1,408.63","1,380.13","1,410.38","1,378.13","-","-1.56%"
"Apr 30, 2013","1,396.5","1,407.75","1,423.63","1,396.5","-","-0.86%"
"May 01, 2013","1,372.63","1,396.13","1,397.88","1,365.63","-","-1.71%"
"May 02, 2013","1,373.88","1,373.38","1,383.13","1,368.13","-","0.09%"
"May 03, 2013","1,387.38","1,372.63","1,399.63","1,372.38","-","0.98%"
"May 06, 2013","1,368.25","1,381.75","1,394.63","1,366.38","-","-1.38%"
"May 07, 2013","1,382.5","1,369.13","1,383.88","1,367.63","-","1.04%"
"May 08, 2013","1,391.38","1,382.75","1,402.88","1,379.25","-","0.64%"
"May 09, 2013","1,409.38","1,390.13","1,409.38","1,387.25","-","1.29%"
"May 10, 2013","1,398.63","1,407.5","1,419.38","1,390.5","-","-0.76%"
"May 13, 2013","1,419.5","1,394.75","1,422.88","1,394","-","1.49%"
"May 14, 2013","1,416.38","1,418.75","1,425.63","1,405.13","-","-0.22%"
"May 15, 2013","1,413.88","1,415.25","1,422.63","1,402.63","-","-0.18%"
"May 16, 2013","1,429.13","1,413.13","1,430.88","1,408.38","-","1.08%"
"May 17, 2013","1,448.5","1,426.75","1,449.13","1,424.38","-","1.36%"
"May 20, 2013","1,465.13","1,446.63","1,465.38","1,443.63","-","1.15%"
"May 21, 2013","1,478.75","1,461.5","1,478.88","1,456.5","-","0.93%"
"May 22, 2013","1,494.38","1,476.88","1,494.63","1,470.88","-","1.06%"
"May 23, 2013","1,493.75","1,492.75","1,546.38","1,487.75","-","-0.04%"
"May 24, 2013","1,475.25","1,491.5","1,505.63","1,471.63","-","-1.24%"
"May 28, 2013","1,508.38","1,475.13","1,527.38","1,475.13","-","2.25%"
"May 29, 2013","1,502.5","1,505.75","1,518.88","1,490.13","-","-0.39%"
"May 30, 2013","1,495.13","1,502.13","1,507.63","1,487.38","-","-0.49%"
"May 31, 2013","1,510.13","1,496.63","1,522.25","1,496.25","-","1.00%"
"Jun 03, 2013","1,532.75","1,509.38","1,540.63","1,509.38","-","1.50%"
"Jun 04, 2013","1,529.75","1,531.5","1,532.88","1,518.25","-","-0.20%"
"Jun 05, 2013","1,531.63","1,528.75","1,548.63","1,523.38","-","0.12%"
"Jun 06, 2013","1,529.13","1,532.88","1,534.25","1,519.38","-","-0.16%"
"Jun 07, 2013","1,525.75","1,528.75","1,541.75","1,521.63","-","-0.22%"
"Jun 10, 2013","1,514.13","1,522.88","1,525.88","1,502.63","-","-0.76%"
"Jun 11, 2013","1,542.13","1,515.63","1,542.13","1,515.13","-","1.85%"
"Jun 12, 2013","1,539.88","1,540.25","1,558.5","1,531.63","-","-0.15%"
"Jun 13, 2013","1,509.5","1,540.38","1,543.5","1,506.63","-","-1.97%"
"Jun 14, 2013","1,516.63","1,508.25","1,521.88","1,506.13","-","0.47%"
"Jun 17, 2013","1,512.5","1,508.75","1,519.13","1,493.38","-","-0.27%"
"Jun 18, 2013","1,512.63","1,511.88","1,529.88","1,510.13","-","0.01%"
"Jun 19, 2013","1,519.38","1,512.75","1,526.88","1,505.38","-","0.45%"
"Jun 20, 2013","1,499.5","1,520.88","1,521.88","1,496","-","-1.31%"
"Jun 21, 2013","1,491.5","1,497.38","1,505.5","1,489","-","-0.53%"
"Jun 24, 2013","1,422","1,404.5","1,422.25","1,401.5","-","-4.66%"
"Jun 25, 2013","1,428.88","1,422","1,433.13","1,417.13","-","0.48%"
"Jun 26, 2013","1,426.25","1,427.75","1,432.25","1,420.38","-","-0.18%"
"Jun 27, 2013","1,431.63","1,424.13","1,436.88","1,421.5","-","0.38%"
"Jun 28, 2013","1,429.38","1,429.63","1,446.25","1,413","-","-0.16%"
"Jul 01, 2013","1,435.25","1,427.13","1,453.63","1,420.63","-","0.41%"
"Jul 02, 2013","1,434.5","1,434.75","1,444.88","1,430.38","-","-0.05%"
"Jul 03, 2013","1,441.63","1,434","1,449.88","1,433.38","-","0.50%"
"Jul 04, 2013","1,441.63","1,441.63","1,441.63","1,441.63","-","0.00%"
"Jul 05, 2013","1,432.13","1,441.13","1,443.13","1,431.88","-","-0.66%"
"Jul 08, 2013","1,455.88","1,430.25","1,459.13","1,426.75","-","1.66%"
"Jul 09, 2013","1,467","1,456.25","1,479.13","1,452.5","-","0.76%"
"Jul 10, 2013","1,465.88","1,466.75","1,478.88","1,462.38","-","-0.08%"
"Jul 11, 2013","1,474.13","1,463.75","1,476","1,460.63","-","0.56%"
"Jul 12, 2013","1,428.13","1,473.88","1,477.75","1,427.75","-","-3.12%"
"Jul 15, 2013","1,453","1,422.63","1,457.88","1,419.75","-","1.74%"
"Jul 16, 2013","1,474.88","1,456.75","1,487.38","1,453.38","-","1.51%"
"Jul 17, 2013","1,478.88","1,475.38","1,481.25","1,464.88","-","0.27%"
"Jul 18, 2013","1,472","1,475","1,477.38","1,458.75","-","-0.46%"
"Jul 19, 2013","1,489.88","1,470.13","1,492.63","1,470.13","-","1.21%"
"Jul 22, 2013","1,520.63","1,493.5","1,525.25","1,487","-","2.06%"
"Jul 23, 2013","1,461.63","1,514.38","1,526.13","1,460.88","-","-3.88%"
"Jul 24, 2013","1,392.38","1,459.63","1,466.5","1,392.25","-","-4.74%"
"Jul 25, 2013","1,353.63","1,385.63","1,396.25","1,348.75","-","-2.78%"
"Jul 26, 2013","1,350","1,351.75","1,360.25","1,330.88","-","-0.27%"
"Jul 29, 2013","1,272.25","1,271.38","1,276.13","1,257.13","-","-5.76%"
"Jul 30, 2013","1,247.88","1,271.88","1,279.88","1,247.88","-","-1.92%"
"Jul 31, 2013","1,247.25","1,247.63","1,253.63","1,237.5","-","-0.05%"
"Aug 01, 2013","1,235.25","1,247.63","1,252.25","1,230.5","-","-0.96%"
"Aug 02, 2013","1,211.88","1,234.88","1,247.75","1,208.13","-","-1.89%"
"Aug 05, 2013","1,208.63","1,211.13","1,214.38","1,186.88","-","-0.27%"
"Aug 06, 2013","1,194.13","1,207.5","1,209.88","1,192.63","-","-1.20%"
"Aug 07, 2013","1,199.25","1,192.88","1,208.63","1,192.63","-","0.43%"
"Aug 08, 2013","1,228.25","1,199.13","1,232.88","1,198.88","-","2.42%"
"Aug 09, 2013","1,219.63","1,227.88","1,240.88","1,216.13","-","-0.70%"
"Aug 12, 2013","1,256.5","1,222.88","1,258.5","1,216.75","-","3.02%"
"Aug 13, 2013","1,257.88","1,254.25","1,268.88","1,252.5","-","0.11%"
"Aug 14, 2013","1,268.63","1,256.38","1,270.88","1,243.38","-","0.85%"
"Aug 15, 2013","1,289","1,272.63","1,293.75","1,271","-","1.61%"
"Aug 16, 2013","1,283.25","1,287.88","1,295.38","1,282.88","-","-0.45%"
"Aug 19, 2013","1,322.13","1,297.25","1,323","1,297.25","-","3.03%"
"Aug 20, 2013","1,309.25","1,321.63","1,326.63","1,304.13","-","-0.97%"
"Aug 21, 2013","1,330.63","1,308.25","1,335.63","1,304.38","-","1.63%"
"Aug 22, 2013","1,323.75","1,327.63","1,341.88","1,316.63","-","-0.52%"
"Aug 23, 2013","1,362.88","1,326.63","1,368.75","1,326.63","-","2.96%"
"Aug 26, 2013","1,389.63","1,349","1,398.13","1,348.63","-","1.96%"
"Aug 27, 2013","1,373.13","1,386.88","1,409.38","1,368.63","-","-1.19%"
"Aug 28, 2013","1,374.38","1,373.38","1,387.75","1,362.38","-","0.09%"
"Aug 29, 2013","1,369.13","1,376","1,382.38","1,361.5","-","-0.38%"
"Aug 30, 2013","1,356.38","1,369.38","1,369.38","1,346.13","-","-0.93%"
"Sep 03, 2013","1,385.88","1,393.88","1,408.38","1,379","-","2.17%"
"Sep 04, 2013","1,352.5","1,386.25","1,387","1,341.88","-","-2.41%"
"Sep 05, 2013","1,367.75","1,355.38","1,367.75","1,335.13","-","1.13%"
"Sep 06, 2013","1,369.63","1,368.63","1,377.13","1,358.88","-","0.14%"
"Sep 09, 2013","1,355.25","1,380.75","1,383.88","1,351.38","-","-1.05%"
"Sep 10, 2013","1,356.38","1,347.38","1,363.13","1,340.63","-","0.08%"
"Sep 11, 2013","1,358.38","1,357","1,361.38","1,348.88","-","0.15%"
"Sep 12, 2013","1,397.38","1,358.88","1,398.13","1,341.63","-","2.87%"
"Sep 13, 2013","1,381.88","1,397.5","1,399.88","1,380.88","-","-1.11%"
"Sep 16, 2013","1,348.38","1,372.63","1,375.13","1,343.38","-","-2.42%"
"Sep 17, 2013","1,341.75","1,349.25","1,366.38","1,332.13","-","-0.49%"
"Sep 18, 2013","1,347.88","1,341.63","1,349.63","1,335.13","-","0.46%"
"Sep 19, 2013","1,340","1,353.38","1,361.13","1,331.75","-","-0.58%"
"Sep 20, 2013","1,316.13","1,339.75","1,340","1,311.88","-","-1.78%"
"Sep 23, 2013","1,308.13","1,308.5","1,317.38","1,305.63","-","-0.61%"
"Sep 24, 2013","1,312.25","1,306.25","1,322.63","1,305.5","-","0.32%"
"Sep 25, 2013","1,321.88","1,311.88","1,327.63","1,306.63","-","0.73%"
"Sep 26, 2013","1,317.38","1,320.63","1,322.5","1,311.38","-","-0.34%"
"Sep 27, 2013","1,320.25","1,316.13","1,327.5","1,311.75","-","0.22%"
"Sep 30, 2013","1,281.38","1,310.88","1,316.88","1,281.38","-","-2.94%"
"Oct 01, 2013","1,268.63","1,278.38","1,278.63","1,263.63","-","-1.00%"
"Oct 02, 2013","1,274.5","1,268.38","1,281.63","1,263.88","-","0.46%"
"Oct 03, 2013","1,286.25","1,273.63","1,289.5","1,271.38","-","0.92%"
"Oct 04, 2013","1,296.13","1,286.38","1,297.88","1,280.13","-","0.77%"
"Oct 07, 2013","1,295.5","1,293.88","1,304.75","1,288.63","-","-0.05%"
"Oct 08, 2013","1,288.88","1,296.75","1,305.63","1,283.88","-","-0.51%"
"Oct 09, 2013","1,286.75","1,287.13","1,292.88","1,281.63","-","-0.16%"
"Oct 10, 2013","1,287.38","1,286.88","1,301.88","1,285.63","-","0.05%"
"Oct 11, 2013","1,267.88","1,285.38","1,287.88","1,266.38","-","-1.51%"
"Oct 14, 2013","1,271.63","1,262.88","1,279.88","1,261.88","-","0.30%"
"Oct 15, 2013","1,266.75","1,271.13","1,276.63","1,264.63","-","-0.38%"
"Oct 16, 2013","1,277.75","1,266.88","1,279.38","1,266.13","-","0.87%"
"Oct 17, 2013","1,291.63","1,276.38","1,295.5","1,274.88","-","1.09%"
"Oct 18, 2013","1,290.63","1,291.5","1,301.38","1,287.63","-","-0.08%"
"Oct 21, 2013","1,302.13","1,289.13","1,303.88","1,288.63","-","0.89%"
"Oct 22, 2013","1,300.5","1,301.13","1,305.38","1,292.13","-","-0.12%"
"Oct 23, 2013","1,308.63","1,299.25","1,318.63","1,296.88","-","0.62%"
"Oct 24, 2013","1,309.63","1,309.38","1,317.88","1,306.13","-","0.08%"
"Oct 25, 2013","1,299.88","1,308.75","1,312.88","1,299.63","-","-0.74%"
"Oct 28, 2013","1,267.38","1,292.88","1,294.25","1,267.13","-","-2.50%"
"Oct 29, 2013","1,271.25","1,266.5","1,274.38","1,264.63","-","0.31%"
"Oct 30, 2013","1,275.63","1,270.75","1,280.13","1,270.75","-","0.34%"
"Oct 31, 2013","1,265.63","1,274.63","1,287.38","1,265.38","-","-0.78%"
"Nov 01, 2013","1,252.38","1,265.88","1,271.25","1,250.38","-","-1.05%"
"Nov 04, 2013","1,255.75","1,251.88","1,262.88","1,250.38","-","0.27%"
"Nov 05, 2013","1,250.75","1,256.25","1,261.88","1,247.13","-","-0.40%"
"Nov 06, 2013","1,256.63","1,249.63","1,260.88","1,249.38","-","0.47%"
"Nov 07, 2013","1,267.13","1,254.25","1,274.63","1,251.38","-","0.84%"
"Nov 08, 2013","1,295.25","1,264.75","1,297.38","1,262","-","2.22%"
"Nov 11, 2013","1,299.88","1,294.63","1,304.63","1,288.38","-","0.36%"
"Nov 12, 2013","1,313.63","1,299.5","1,319.63","1,295.63","-","1.06%"
"Nov 13, 2013","1,314.5","1,313.25","1,317.63","1,307.63","-","0.07%"
"Nov 14, 2013","1,313.63","1,314","1,320.5","1,305.13","-","-0.07%"
"Nov 15, 2013","1,279.63","1,312.75","1,315.63","1,278.63","-","-2.59%"
"Nov 18, 2013","1,287.75","1,280.13","1,289.88","1,276.75","-","0.63%"
"Nov 19, 2013","1,279.13","1,285.88","1,293","1,268.38","-","-0.67%"
"Nov 20, 2013","1,275.13","1,279.13","1,283.38","1,270.38","-","-0.31%"
"Nov 21, 2013","1,292.38","1,275.75","1,292.38","1,275.63","-","1.35%"
"Nov 22, 2013","1,319.38","1,290.88","1,321.38","1,290.63","-","2.09%"
"Nov 24, 2013","1,319.38","1,319.38","1,319.38","1,319.38","-","0.00%"
"Nov 25, 2013","1,328.13","1,318.63","1,334.38","1,309.38","-","0.66%"
"Nov 26, 2013","1,328.88","1,327.88","1,330.38","1,316.88","-","0.06%"
"Nov 27, 2013","1,319.25","1,327.5","1,340.88","1,318.38","-","-0.72%"
"Nov 29, 2013","1,337","1,328.38","1,339.38","1,327.38","-","1.35%"
"Dec 02, 2013","1,321.13","1,335.88","1,345.88","1,319.63","-","-1.19%"
"Dec 03, 2013","1,319.25","1,320.75","1,328.88","1,311.5","-","-0.14%"
"Dec 04, 2013","1,328.38","1,320.25","1,334.38","1,311.75","-","0.69%"
"Dec 05, 2013","1,328.38","1,328.13","1,332.75","1,316.25","-","0.00%"
"Dec 06, 2013","1,325.63","1,327.5","1,327.75","1,316.63","-","-0.21%"
"Dec 09, 2013","1,343.5","1,324.63","1,346.38","1,324.63","-","1.35%"
"Dec 10, 2013","1,338.75","1,342.75","1,353.38","1,331.13","-","-0.35%"
"Dec 11, 2013","1,343.88","1,339.13","1,345.25","1,334.63","-","0.38%"
"Dec 12, 2013","1,325.63","1,343.38","1,346.88","1,318.63","-","-1.36%"
"Dec 13, 2013","1,327.13","1,323.5","1,327.88","1,312.38","-","0.11%"
"Dec 16, 2013","1,336.63","1,327.88","1,343.38","1,319.13","-","0.72%"
"Dec 17, 2013","1,344.63","1,336.13","1,349.88","1,328.63","-","0.60%"
"Dec 18, 2013","1,324.63","1,344.13","1,350.88","1,323.38","-","-1.49%"
"Dec 19, 2013","1,327.5","1,325.5","1,329.5","1,315.88","-","0.22%"
"Dec 20, 2013","1,338.25","1,325.75","1,344.88","1,321.88","-","0.81%"
"Dec 23, 2013","1,328.38","1,344.38","1,346.5","1,327.13","-","-0.74%"
"Dec 24, 2013","1,333.5","1,328.75","1,337.88","1,325.38","-","0.39%"
"Dec 26, 2013","1,319.75","1,333.5","1,333.5","1,316.63","-","-1.03%"
"Dec 27, 2013","1,331.75","1,318.75","1,332.38","1,318.75","-","0.91%"
"Dec 30, 2013","1,308.88","1,306.88","1,315.88","1,299.88","-","-1.72%"
"Dec 31, 2013","1,289.38","1,307.63","1,310.88","1,289.38","-","-1.49%"
"Jan 01, 2014","1,289.38","1,289.38","1,289.38","1,289.38","-","0.00%"
"Jan 02, 2014","1,270.75","1,291.63","1,291.63","1,262.63","-","-1.44%"
"Jan 03, 2014","1,271.75","1,270.25","1,278.38","1,265.13","-","0.08%"
"Jan 06, 2014","1,278.13","1,273.75","1,282","1,269.63","-","0.50%"
"Jan 07, 2014","1,274.5","1,277.88","1,282.88","1,266.13","-","-0.28%"
"Jan 08, 2014","1,269.63","1,274.88","1,275.88","1,267.25","-","-0.38%"
"Jan 09, 2014","1,274","1,268.38","1,277.88","1,267.38","-","0.34%"
"Jan 10, 2014","1,277.5","1,273.63","1,296.63","1,271.63","-","0.27%"
"Jan 13, 2014","1,294.75","1,278","1,296.25","1,266.63","-","1.35%"
"Jan 14, 2014","1,306.25","1,292.75","1,316.63","1,288.88","-","0.89%"
"Jan 15, 2014","1,317.88","1,305.75","1,320.88","1,303.38","-","0.89%"
"Jan 16, 2014","1,315.38","1,316.88","1,329.88","1,311.13","-","-0.19%"
"Jan 17, 2014","1,316.63","1,313.38","1,318.38","1,305.63","-","0.10%"
"Jan 21, 2014","1,280.5","1,312.88","1,313.88","1,280.13","-","-2.74%"
"Jan 22, 2014","1,280.25","1,279.88","1,285.88","1,272.13","-","-0.02%"
"Jan 23, 2014","1,275.38","1,279.63","1,296.38","1,275.38","-","-0.38%"
"Jan 24, 2014","1,286","1,275.88","1,286.88","1,263.63","-","0.83%"
"Jan 27, 2014","1,288.5","1,286.13","1,292.5","1,279.38","-","0.19%"
"Jan 28, 2014","1,285","1,287","1,289.88","1,277.63","-","-0.27%"
"Jan 29, 2014","1,268.63","1,284.75","1,285.88","1,266.13","-","-1.27%"
"Jan 30, 2014","1,275.63","1,269.38","1,286.38","1,260.13","-","0.55%"
"Jan 31, 2014","1,283.88","1,275.38","1,283.88","1,271.63","-","0.65%"
"Feb 03, 2014","1,291.88","1,281.88","1,299.63","1,278.38","-","0.62%"
"Feb 04, 2014","1,312.25","1,292.88","1,315.88","1,291.13","-","1.58%"
"Feb 05, 2014","1,315.88","1,311.88","1,320.88","1,305.38","-","0.28%"
"Feb 06, 2014","1,326","1,315.63","1,334.63","1,314.88","-","0.77%"
"Feb 07, 2014","1,331.13","1,323.63","1,332.13","1,320.13","-","0.39%"
"Feb 10, 2014","1,325.38","1,327.13","1,339.88","1,318.75","-","-0.43%"
"Feb 11, 2014","1,336.5","1,323.63","1,337.13","1,312.63","-","0.84%"
"Feb 12, 2014","1,322.63","1,335.13","1,339.88","1,322.13","-","-1.04%"
"Feb 13, 2014","1,342.25","1,323.25","1,347.13","1,322.88","-","1.48%"
"Feb 14, 2014","1,338.25","1,342.63","1,355.88","1,337.13","-","-0.30%"
"Feb 18, 2014","1,361.38","1,337.88","1,361.63","1,335.63","-","1.73%"
"Feb 19, 2014","1,354.88","1,360.75","1,371.38","1,351.38","-","-0.48%"
"Feb 20, 2014","1,359","1,353.38","1,361.13","1,343.88","-","0.30%"
"Feb 21, 2014","1,371.63","1,358.38","1,371.75","1,351.5","-","0.93%"
"Feb 24, 2014","1,374","1,360","1,377.88","1,358.63","-","0.17%"
"Feb 25, 2014","1,386.25","1,373","1,388.13","1,366.13","-","0.89%"
"Feb 26, 2014","1,397.38","1,385.38","1,397.38","1,381.38","-","0.80%"
"Feb 27, 2014","1,388.38","1,395.25","1,443.75","1,388.38","-","-0.64%"
"Feb 28, 2014","1,414.13","1,389.38","1,414.88","1,377.38","-","1.85%"
"Mar 03, 2014","1,409.38","1,417.13","1,437.25","1,402.13","-","-0.34%"
"Mar 04, 2014","1,422.63","1,407.13","1,425.63","1,404.63","-","0.94%"
"Mar 05, 2014","1,421.38","1,423.88","1,426.38","1,409.63","-","-0.09%"
"Mar 06, 2014","1,437.25","1,422.13","1,439.88","1,416.63","-","1.12%"
"Mar 07, 2014","1,459.75","1,436.38","1,459.75","1,435.75","-","1.57%"
"Mar 10, 2014","1,418.5","1,454.5","1,456.13","1,414.88","-","-2.83%"
"Mar 11, 2014","1,412.13","1,417.38","1,428.63","1,410.88","-","-0.45%"
"Mar 12, 2014","1,387.75","1,405.75","1,406.88","1,365.75","-","-1.73%"
"Mar 13, 2014","1,393.38","1,388.38","1,412.25","1,380.88","-","0.41%"
"Mar 14, 2014","1,389.75","1,392.88","1,400.75","1,379.63","-","-0.26%"
"Mar 17, 2014","1,391.63","1,389.25","1,395.63","1,375.75","-","0.13%"
"Mar 18, 2014","1,418.63","1,389.13","1,419.25","1,384.38","-","1.94%"
"Mar 19, 2014","1,431.13","1,418.88","1,441.5","1,418.13","-","0.88%"
"Mar 20, 2014","1,434","1,430.13","1,456.13","1,422.63","-","0.20%"
"Mar 21, 2014","1,409.63","1,433.5","1,435.88","1,405.38","-","-1.70%"
"Mar 24, 2014","1,425.75","1,403.25","1,432.38","1,394","-","1.14%"
"Mar 25, 2014","1,426.5","1,425.13","1,435.88","1,416.13","-","0.05%"
"Mar 26, 2014","1,441.13","1,426","1,441.63","1,420.88","-","1.03%"
"Mar 27, 2014","1,437.13","1,439.38","1,450.25","1,430.63","-","-0.28%"
"Mar 28, 2014","1,435.88","1,435.63","1,443.13","1,428.88","-","-0.09%"
"Mar 31, 2014","1,462.38","1,433.63","1,466.13","1,424","-","1.85%"
"Apr 01, 2014","1,482.88","1,463.25","1,491.38","1,461.38","-","1.40%"
"Apr 02, 2014","1,462.13","1,483.38","1,495.88","1,456.13","-","-1.40%"
"Apr 03, 2014","1,473.75","1,462","1,480.5","1,458.63","-","0.80%"
"Apr 04, 2014","1,472.25","1,474.13","1,486.63","1,463.13","-","-0.10%"
"Apr 07, 2014","1,463","1,472.38","1,479.38","1,459.88","-","-0.63%"
"Apr 08, 2014","1,483.13","1,464.13","1,483.38","1,462.13","-","1.38%"
"Apr 09, 2014","1,495","1,481.88","1,511.63","1,481.63","-","0.80%"
"Apr 10, 2014","1,481.13","1,494","1,495","1,476.38","-","-0.93%"
"Apr 11, 2014","1,463.75","1,481.88","1,482","1,461","-","-1.17%"
"Apr 14, 2014","1,476","1,461.5","1,477.88","1,461.5","-","0.84%"
"Apr 15, 2014","1,501","1,476.13","1,509.13","1,473.63","-","1.69%"
"Apr 16, 2014","1,519.25","1,500.5","1,522.38","1,500.25","-","1.22%"
"Apr 17, 2014","1,516","1,518","1,531.63","1,504.13","-","-0.21%"
"Apr 21, 2014","1,499.88","1,515","1,524.88","1,486","-","-1.06%"
"Apr 22, 2014","1,480.75","1,501.13","1,508.63","1,477.13","-","-1.28%"
"Apr 23, 2014","1,468.5","1,480.38","1,487.13","1,466.75","-","-0.83%"
"Apr 24, 2014","1,472.63","1,467.75","1,473.88","1,464.13","-","0.28%"
"Apr 25, 2014","1,499.13","1,472.5","1,499.75","1,472.25","-","1.80%"
"Apr 28, 2014","1,498.63","1,496.5","1,512.88","1,490.88","-","-0.03%"
"Apr 29, 2014","1,516.13","1,499.5","1,520.38","1,494.25","-","1.17%"
"Apr 30, 2014","1,511.38","1,517.5","1,517.75","1,502.38","-","-0.31%"
"May 01, 2014","1,460.88","1,510.63","1,511.88","1,460.13","-","-3.34%"
"May 02, 2014","1,471.13","1,462.5","1,471.75","1,451.13","-","0.70%"
"May 05, 2014","1,463.63","1,475.5","1,482.25","1,461.13","-","-0.51%"
"May 06, 2014","1,459.25","1,464.13","1,464.38","1,443.63","-","-0.30%"
"May 07, 2014","1,445.63","1,456.75","1,457.38","1,442.13","-","-0.93%"
"May 08, 2014","1,469","1,447","1,470","1,446.38","-","1.62%"
"May 09, 2014","1,486.38","1,467.25","1,491.25","1,453.75","-","1.18%"
"May 11, 2014","1,486.38","1,486.38","1,486.38","1,486.38","-","0.00%"
"May 12, 2014","1,464.63","1,486.75","1,494.5","1,462.63","-","-1.46%"
"May 13, 2014","1,484.38","1,463.63","1,484.88","1,460.88","-","1.35%"
"May 14, 2014","1,485.88","1,483.25","1,489.38","1,467.13","-","0.10%"
"May 15, 2014","1,468.38","1,485.25","1,493.63","1,462.63","-","-1.18%"
"May 16, 2014","1,465","1,469","1,478.25","1,461.63","-","-0.23%"
"May 19, 2014","1,483.13","1,463.75","1,492.63","1,456.38","-","1.24%"
"May 20, 2014","1,469","1,483.75","1,500.88","1,468.88","-","-0.95%"
"May 21, 2014","1,506.38","1,469.13","1,506.38","1,467.63","-","2.54%"
"May 22, 2014","1,517.38","1,504.88","1,536.63","1,503.13","-","0.73%"
"May 23, 2014","1,516.13","1,518.88","1,528.88","1,512.38","-","-0.08%"
"May 27, 2014","1,489.38","1,510.75","1,515.38","1,486.63","-","-1.76%"
"May 28, 2014","1,497.25","1,488.5","1,501.88","1,483","-","0.53%"
"May 29, 2014","1,498.75","1,498.38","1,508.63","1,493.38","-","0.10%"
"May 30, 2014","1,491.13","1,500.75","1,506.38","1,491.13","-","-0.51%"
"Jun 02, 2014","1,498.13","1,487.13","1,511.63","1,478.5","-","0.47%"
"Jun 03, 2014","1,481.25","1,498","1,501.88","1,475.13","-","-1.13%"
"Jun 04, 2014","1,482.5","1,481","1,495.88","1,475.88","-","0.08%"
"Jun 05, 2014","1,461","1,482.5","1,487.13","1,460.13","-","-1.45%"
"Jun 06, 2014","1,457.63","1,460.75","1,466.38","1,456.13","-","-0.23%"
"Jun 09, 2014","1,456.25","1,458.75","1,469.63","1,452.13","-","-0.09%"
"Jun 10, 2014","1,461.75","1,457.13","1,475","1,454.75","-","0.38%"
"Jun 11, 2014","1,445.38","1,461.88","1,466.38","1,445.13","-","-1.12%"
"Jun 12, 2014","1,417.25","1,443.88","1,452.63","1,410.13","-","-1.95%"
"Jun 13, 2014","1,425.88","1,415","1,428.63","1,411.38","-","0.61%"
"Jun 16, 2014","1,422.13","1,427","1,435.5","1,417.63","-","-0.26%"
"Jun 17, 2014","1,398.38","1,421.25","1,425.13","1,395.88","-","-1.67%"
"Jun 18, 2014","1,409.25","1,398.75","1,418.88","1,393.38","-","0.78%"
"Jun 19, 2014","1,420.5","1,408.75","1,421.88","1,406.13","-","0.80%"
"Jun 20, 2014","1,418.38","1,420.63","1,422.63","1,402.38","-","-0.15%"
"Jun 23, 2014","1,365.13","1,365.75","1,377.88","1,349.63","-","-3.75%"
"Jun 24, 2014","1,358.5","1,362.88","1,364.88","1,351","-","-0.49%"
"Jun 25, 2014","1,361.5","1,358.38","1,367.25","1,357.25","-","0.22%"
"Jun 26, 2014","1,381.75","1,361.38","1,382.63","1,360.13","-","1.49%"
"Jun 27, 2014","1,376.5","1,379.25","1,391.88","1,374.88","-","-0.38%"
"Jun 30, 2014","1,327.5","1,377.75","1,389.5","1,315.38","-","-3.56%"
"Jul 01, 2014","1,327.5","1,327.5","1,334.75","1,304.88","-","0.00%"
"Jul 02, 2014","1,314.5","1,329.13","1,334.75","1,311.63","-","-0.98%"
"Jul 03, 2014","1,298.38","1,316.38","1,321.5","1,297.38","-","-1.23%"
"Jul 06, 2014","1,298.38","1,298.38","1,298.38","1,298.38","-","0.00%"
"Jul 07, 2014","1,274.38","1,297","1,297.75","1,270.13","-","-1.85%"
"Jul 08, 2014","1,248.75","1,272","1,274.63","1,244.13","-","-2.01%"
"Jul 09, 2014","1,245.88","1,247.5","1,252.88","1,231.38","-","-0.23%"
"Jul 10, 2014","1,232.5","1,245.63","1,260.63","1,232.38","-","-1.07%"
"Jul 11, 2014","1,196.38","1,232.25","1,238.13","1,159.88","-","-2.93%"
"Jul 14, 2014","1,196.25","1,192","1,211.38","1,189.75","-","-0.01%"
